event_id,anchor_index,event_timestamp_utc,window_start_index,window_end_index,window_start_timestamp_utc,window_end_timestamp_utc,is_window_eligible,overlaps_previous,overlaps_next,overlap_event_count,overlap_cluster_id,is_overlapping
0,7099,2016-02-05 14:00:00+00:00,5659,10266,2016-01-29 13:55:00+00:00,2016-02-22 14:10:00+00:00,True,False,False,0,,False
1,12849,2016-03-04 13:30:00+00:00,11409,16016,2016-02-26 13:25:00+00:00,2016-03-21 13:40:00+00:00,True,False,True,2,0,True
2,13991,2016-03-10 12:45:00+00:00,12551,17158,2016-03-03 12:40:00+00:00,2016-03-25 12:50:00+00:00,True,True,True,3,0,True
3,15217,2016-03-16 19:00:00+00:00,13777,18384,2016-03-09 18:55:00+00:00,2016-03-31 19:05:00+00:00,True,True,True,3,0,True
4,17787,2016-03-29 17:20:00+00:00,16347,20954,2016-03-22 17:15:00+00:00,2016-04-13 17:25:00+00:00,True,True,False,2,0,True
5,22636,2016-04-21 13:40:00+00:00,21196,25803,2016-04-14 13:35:00+00:00,2016-05-06 13:45:00+00:00,True,False,False,0,,False
6,31270,2016-06-02 13:40:00+00:00,29830,34437,2016-05-26 13:35:00+00:00,2016-06-17 13:45:00+00:00,True,False,True,3,1,True
7,31556,2016-06-03 13:30:00+00:00,30116,34723,2016-05-27 13:25:00+00:00,2016-06-20 13:40:00+00:00,True,True,True,3,1,True
8,34196,2016-06-16 17:40:00+00:00,32756,37363,2016-06-09 17:35:00+00:00,2016-07-01 17:45:00+00:00,True,True,True,4,1,True
9,35714,2016-06-24 00:15:00+00:00,34274,38881,2016-06-17 00:10:00+00:00,2016-07-11 00:25:00+00:00,True,True,True,4,1,True
10,38760,2016-07-08 14:15:00+00:00,37320,41927,2016-07-01 14:10:00+00:00,2016-07-25 14:35:00+00:00,True,True,True,3,1,True
11,42568,2016-07-27 20:00:00+00:00,41128,45735,2016-07-20 19:55:00+00:00,2016-08-11 20:05:00+00:00,True,True,True,5,1,True
12,44505,2016-08-05 13:30:00+00:00,43065,47672,2016-07-29 13:25:00+00:00,2016-08-22 13:40:00+00:00,True,True,True,5,1,True
13,45945,2016-08-12 13:35:00+00:00,44505,49112,2016-08-05 13:30:00+00:00,2016-08-29 13:45:00+00:00,True,True,True,7,1,True
14,46525,2016-08-16 14:00:00+00:00,45085,49692,2016-08-09 13:55:00+00:00,2016-08-31 14:05:00+00:00,True,True,True,8,1,True
15,46876,2016-08-17 19:15:00+00:00,45436,50043,2016-08-10 19:10:00+00:00,2016-09-01 19:20:00+00:00,True,True,True,8,1,True
16,48842,2016-08-26 15:10:00+00:00,47402,52009,2016-08-19 15:05:00+00:00,2016-09-12 15:20:00+00:00,True,True,True,7,1,True
17,49995,2016-09-01 15:20:00+00:00,48555,53162,2016-08-25 15:15:00+00:00,2016-09-16 15:25:00+00:00,True,True,True,7,1,True
18,50261,2016-09-02 13:30:00+00:00,48821,53428,2016-08-26 13:25:00+00:00,2016-09-19 13:40:00+00:00,True,True,True,7,1,True
19,50854,2016-09-06 15:00:00+00:00,49414,54021,2016-08-30 14:55:00+00:00,2016-09-21 15:05:00+00:00,True,True,True,6,1,True
20,54072,2016-09-21 19:20:00+00:00,52632,57239,2016-09-14 19:15:00+00:00,2016-10-06 19:25:00+00:00,True,True,True,5,1,True
21,56629,2016-10-04 16:35:00+00:00,55189,59796,2016-09-27 16:30:00+00:00,2016-10-19 16:40:00+00:00,True,True,True,3,1,True
22,57466,2016-10-07 14:20:00+00:00,56026,60633,2016-09-30 14:15:00+00:00,2016-10-24 14:30:00+00:00,True,True,True,3,1,True
23,60048,2016-10-20 13:40:00+00:00,58608,63215,2016-10-13 13:35:00+00:00,2016-11-04 13:45:00+00:00,True,True,True,3,1,True
24,63924,2016-11-09 00:55:00+00:00,62484,67091,2016-11-02 00:50:00+00:00,2016-11-24 01:10:00+00:00,True,True,False,1,1,True
25,70117,2016-12-08 13:30:00+00:00,68677,73284,2016-12-01 13:25:00+00:00,2016-12-23 13:35:00+00:00,True,False,True,2,2,True
26,71334,2016-12-14 19:00:00+00:00,69894,74501,2016-12-07 18:55:00+00:00,2016-12-30 12:00:00+00:00,True,True,True,2,2,True
27,74352,2016-12-29 23:35:00+00:00,72912,77519,2016-12-22 06:35:00+00:00,2017-01-16 08:45:00+00:00,True,True,True,3,2,True
28,76758,2017-01-11 17:15:00+00:00,75318,79925,2017-01-04 17:10:00+00:00,2017-01-26 17:20:00+00:00,True,True,False,1,2,True
29,85372,2017-02-22 15:35:00+00:00,83932,88539,2017-02-15 15:30:00+00:00,2017-03-09 15:40:00+00:00,True,False,True,2,3,True
30,88526,2017-03-09 14:35:00+00:00,87086,91693,2017-03-02 14:30:00+00:00,2017-03-24 14:40:00+00:00,True,True,True,2,3,True
31,89730,2017-03-15 19:00:00+00:00,88290,92897,2017-03-08 18:55:00+00:00,2017-03-30 19:05:00+00:00,True,True,False,2,3,True
32,95501,2017-04-12 20:15:00+00:00,94061,98668,2017-04-05 20:10:00+00:00,2017-04-27 20:20:00+00:00,True,False,True,1,4,True
33,98592,2017-04-27 14:00:00+00:00,97152,101759,2017-04-20 13:55:00+00:00,2017-05-12 14:05:00+00:00,True,True,False,1,4,True
34,105195,2017-05-30 12:40:00+00:00,103755,108362,2017-05-23 12:35:00+00:00,2017-06-14 12:45:00+00:00,True,False,True,4,5,True
35,106069,2017-06-02 13:30:00+00:00,104629,109236,2017-05-26 13:25:00+00:00,2017-06-19 13:40:00+00:00,True,True,True,4,5,True
36,106904,2017-06-07 11:10:00+00:00,105464,110071,2017-05-31 11:05:00+00:00,2017-06-22 11:15:00+00:00,True,True,True,5,5,True
37,108371,2017-06-14 13:30:00+00:00,106931,111538,2017-06-07 13:25:00+00:00,2017-06-29 13:35:00+00:00,True,True,True,5,5,True
38,108444,2017-06-14 19:35:00+00:00,107004,111611,2017-06-07 19:30:00+00:00,2017-06-29 19:40:00+00:00,True,True,True,5,5,True
39,111246,2017-06-28 13:15:00+00:00,109806,114413,2017-06-21 13:10:00+00:00,2017-07-13 13:20:00+00:00,True,True,True,4,5,True
40,113269,2017-07-07 13:55:00+00:00,111829,116436,2017-06-30 13:50:00+00:00,2017-07-24 14:05:00+00:00,True,True,True,2,5,True
41,117071,2017-07-26 19:00:00+00:00,115631,120238,2017-07-19 18:55:00+00:00,2017-08-10 19:05:00+00:00,True,True,True,4,5,True
42,119030,2017-08-04 14:20:00+00:00,117590,122197,2017-07-28 14:15:00+00:00,2017-08-21 14:40:00+00:00,True,True,True,4,5,True
43,120459,2017-08-11 13:30:00+00:00,119019,123626,2017-08-04 13:25:00+00:00,2017-08-28 13:50:00+00:00,True,True,True,5,5,True
44,121276,2017-08-16 09:40:00+00:00,119836,124443,2017-08-09 09:35:00+00:00,2017-08-31 09:55:00+00:00,True,True,True,5,5,True
45,123353,2017-08-25 15:00:00+00:00,121913,126520,2017-08-18 14:45:00+00:00,2017-09-11 15:10:00+00:00,True,True,True,6,5,True
46,124774,2017-09-01 13:30:00+00:00,123334,127941,2017-08-25 13:25:00+00:00,2017-09-18 13:40:00+00:00,True,True,True,6,5,True
47,125932,2017-09-07 14:05:00+00:00,124492,129099,2017-08-31 14:00:00+00:00,2017-09-22 14:10:00+00:00,True,True,True,4,5,True
48,127373,2017-09-14 14:15:00+00:00,125933,130540,2017-09-07 14:10:00+00:00,2017-09-29 14:20:00+00:00,True,True,True,4,5,True
49,128581,2017-09-20 19:00:00+00:00,127141,131748,2017-09-13 18:55:00+00:00,2017-10-05 19:05:00+00:00,True,True,False,3,5,True
50,133408,2017-10-13 13:30:00+00:00,131968,136575,2017-10-06 13:25:00+00:00,2017-10-30 13:40:00+00:00,True,False,True,2,6,True
51,135989,2017-10-26 12:45:00+00:00,134549,139156,2017-10-19 12:40:00+00:00,2017-11-10 12:50:00+00:00,True,True,True,2,6,True
52,136315,2017-10-27 15:55:00+00:00,134875,139482,2017-10-20 15:50:00+00:00,2017-11-13 16:05:00+00:00,True,True,False,2,6,True
53,150930,2018-01-10 10:45:00+00:00,149490,154097,2018-01-03 10:40:00+00:00,2018-01-25 10:50:00+00:00,True,False,True,4,7,True
54,151239,2018-01-11 12:30:00+00:00,149799,154406,2018-01-04 12:25:00+00:00,2018-01-26 12:35:00+00:00,True,True,True,4,7,True
55,151480,2018-01-12 08:35:00+00:00,150040,154647,2018-01-05 08:30:00+00:00,2018-01-29 08:45:00+00:00,True,True,True,4,7,True
56,152037,2018-01-16 07:05:00+00:00,150597,155204,2018-01-09 07:00:00+00:00,2018-01-31 07:10:00+00:00,True,True,True,4,7,True
57,154135,2018-01-25 14:00:00+00:00,152695,157302,2018-01-18 13:55:00+00:00,2018-02-09 14:05:00+00:00,True,True,True,5,7,True
58,158158,2018-02-14 13:30:00+00:00,156718,161325,2018-02-07 13:25:00+00:00,2018-03-01 13:35:00+00:00,True,True,True,2,7,True
59,162754,2018-03-08 12:45:00+00:00,161314,165921,2018-03-01 12:40:00+00:00,2018-03-23 12:50:00+00:00,True,True,False,1,7,True
60,174054,2018-05-02 19:35:00+00:00,172614,177221,2018-04-25 19:30:00+00:00,2018-05-17 19:40:00+00:00,True,False,False,0,,False
61,194617,2018-08-10 06:30:00+00:00,193177,197784,2018-08-03 06:25:00+00:00,2018-08-27 06:40:00+00:00,True,False,False,0,,False
62,212687,2018-11-07 01:25:00+00:00,211247,215854,2018-10-31 01:20:00+00:00,2018-11-22 01:30:00+00:00,True,False,True,1,8,True
63,217191,2018-11-28 17:00:00+00:00,215751,220358,2018-11-21 16:55:00+00:00,2018-12-13 17:05:00+00:00,True,True,False,1,8,True
64,229706,2019-01-30 19:00:00+00:00,228266,232873,2019-01-23 18:55:00+00:00,2019-02-14 19:05:00+00:00,True,False,True,1,9,True
65,232806,2019-02-14 13:30:00+00:00,231366,235973,2019-02-07 13:25:00+00:00,2019-03-01 13:35:00+00:00,True,True,False,1,9,True
66,239779,2019-03-20 18:00:00+00:00,238339,242946,2019-03-13 17:55:00+00:00,2019-04-04 20:15:00+00:00,True,False,True,1,10,True
67,240241,2019-03-22 08:30:00+00:00,238801,243408,2019-03-15 08:25:00+00:00,2019-04-08 10:50:00+00:00,True,True,False,1,10,True
68,245692,2019-04-18 09:15:00+00:00,244252,248859,2019-04-11 09:10:00+00:00,2019-05-03 09:20:00+00:00,True,False,True,1,11,True
69,248405,2019-05-01 19:30:00+00:00,246965,251572,2019-04-24 19:25:00+00:00,2019-05-16 19:35:00+00:00,True,True,False,1,11,True
70,255675,2019-06-06 13:50:00+00:00,254235,258842,2019-05-30 13:45:00+00:00,2019-06-21 13:55:00+00:00,True,False,True,1,12,True
71,255964,2019-06-07 13:55:00+00:00,254524,259131,2019-05-31 13:50:00+00:00,2019-06-24 14:05:00+00:00,True,True,False,1,12,True
72,265750,2019-07-25 14:00:00+00:00,264310,268917,2019-07-18 13:55:00+00:00,2019-08-09 14:05:00+00:00,True,False,True,1,13,True
73,266968,2019-07-31 19:35:00+00:00,265528,270135,2019-07-24 19:30:00+00:00,2019-08-15 19:40:00+00:00,True,True,False,1,13,True
74,275809,2019-09-12 12:50:00+00:00,274369,278976,2019-09-05 12:45:00+00:00,2019-09-27 12:55:00+00:00,True,False,False,0,,False
75,294626,2019-12-12 22:00:00+00:00,293186,297793,2019-12-05 21:55:00+00:00,2019-12-30 13:15:00+00:00,True,False,True,1,14,True
76,294831,2019-12-13 15:05:00+00:00,293391,297998,2019-12-06 15:00:00+00:00,2019-12-31 06:20:00+00:00,True,True,False,1,14,True
77,302697,2020-01-23 14:15:00+00:00,301257,305864,2020-01-16 14:10:00+00:00,2020-02-07 14:20:00+00:00,True,False,False,0,,False
78,308742,2020-02-21 14:45:00+00:00,307302,311909,2020-02-14 14:40:00+00:00,2020-03-09 13:55:00+00:00,True,False,True,2,15,True
79,310762,2020-03-03 15:15:00+00:00,309322,313929,2020-02-25 15:10:00+00:00,2020-03-18 14:20:00+00:00,True,True,True,2,15,True
80,311769,2020-03-09 02:15:00+00:00,310329,314936,2020-03-02 03:10:00+00:00,2020-03-24 02:25:00+00:00,True,True,False,2,15,True
81,347297,2020-08-27 15:20:00+00:00,345857,350464,2020-08-20 15:05:00+00:00,2020-09-11 15:50:00+00:00,True,False,False,0,,False
82,361222,2020-11-04 01:00:00+00:00,359782,364389,2020-10-27 23:55:00+00:00,2020-11-19 01:05:00+00:00,True,False,False,0,,False
83,398633,2021-05-07 13:30:00+00:00,397193,401800,2021-04-30 13:15:00+00:00,2021-05-24 14:00:00+00:00,True,False,True,1,16,True
84,399500,2021-05-12 13:50:00+00:00,398060,402667,2021-05-05 13:45:00+00:00,2021-05-27 14:15:00+00:00,True,True,False,1,16,True
85,404144,2021-06-04 13:30:00+00:00,402704,407311,2021-05-27 17:20:00+00:00,2021-06-21 13:40:00+00:00,True,False,True,1,17,True
86,406512,2021-06-16 19:00:00+00:00,405072,409679,2021-06-09 18:55:00+00:00,2021-07-01 19:05:00+00:00,True,True,False,1,17,True
87,419461,2021-08-18 19:00:00+00:00,418021,422628,2021-08-11 18:55:00+00:00,2021-09-02 19:05:00+00:00,True,False,True,2,18,True
88,421429,2021-08-27 15:05:00+00:00,419989,424596,2021-08-20 15:00:00+00:00,2021-09-13 15:15:00+00:00,True,True,True,2,18,True
89,422850,2021-09-03 13:35:00+00:00,421410,426017,2021-08-27 13:30:00+00:00,2021-09-20 13:45:00+00:00,True,True,True,3,18,True
90,426663,2021-09-22 19:35:00+00:00,425223,429830,2021-09-15 19:30:00+00:00,2021-10-07 19:40:00+00:00,True,True,False,1,18,True
91,434075,2021-10-28 13:40:00+00:00,432635,437242,2021-10-21 13:35:00+00:00,2021-11-12 13:45:00+00:00,True,False,True,1,19,True
92,435305,2021-11-03 19:15:00+00:00,433865,438472,2021-10-27 20:10:00+00:00,2021-11-18 20:20:00+00:00,True,True,False,1,19,True
93,440721,2021-11-30 15:55:00+00:00,439281,443888,2021-11-23 15:50:00+00:00,2021-12-15 16:05:00+00:00,True,False,True,1,20,True
94,443000,2021-12-10 13:55:00+00:00,441560,446167,2021-12-03 13:50:00+00:00,2021-12-27 14:15:00+00:00,True,True,False,1,20,True
95,454219,2022-02-03 13:40:00+00:00,452779,457386,2022-01-27 13:35:00+00:00,2022-02-18 13:45:00+00:00,True,False,True,2,21,True
96,454516,2022-02-04 14:25:00+00:00,453076,457683,2022-01-28 14:20:00+00:00,2022-02-21 14:35:00+00:00,True,True,True,2,21,True
97,455656,2022-02-10 13:30:00+00:00,454216,458823,2022-02-03 13:25:00+00:00,2022-02-25 13:35:00+00:00,True,True,False,2,21,True
98,468600,2022-04-14 14:00:00+00:00,467160,471767,2022-04-07 13:55:00+00:00,2022-04-29 14:05:00+00:00,True,False,True,1,22,True
99,472697,2022-05-04 19:40:00+00:00,471257,475864,2022-04-27 19:35:00+00:00,2022-05-19 19:45:00+00:00,True,True,False,1,22,True
100,480107,2022-06-09 13:35:00+00:00,478667,483274,2022-06-02 13:30:00+00:00,2022-06-24 13:40:00+00:00,True,False,True,1,23,True
101,481330,2022-06-15 19:35:00+00:00,479890,484497,2022-06-08 19:30:00+00:00,2022-06-30 19:40:00+00:00,True,True,False,1,23,True
102,487013,2022-07-13 13:30:00+00:00,485573,490180,2022-07-06 13:25:00+00:00,2022-07-28 13:45:00+00:00,True,False,True,1,24,True
103,488749,2022-07-21 14:15:00+00:00,487309,491916,2022-07-14 14:10:00+00:00,2022-08-05 14:30:00+00:00,True,True,True,2,24,True
104,492775,2022-08-10 14:10:00+00:00,491335,495942,2022-08-03 14:05:00+00:00,2022-08-25 14:25:00+00:00,True,True,True,2,24,True
105,496238,2022-08-26 15:05:00+00:00,494798,499405,2022-08-19 15:00:00+00:00,2022-09-12 15:15:00+00:00,True,True,True,3,24,True
106,498828,2022-09-08 15:05:00+00:00,497388,501995,2022-09-01 15:00:00+00:00,2022-09-23 15:10:00+00:00,True,True,True,3,24,True
107,499672,2022-09-13 13:30:00+00:00,498232,502839,2022-09-06 13:25:00+00:00,2022-09-28 13:35:00+00:00,True,True,True,3,24,True
108,502123,2022-09-26 01:55:00+00:00,500683,505290,2022-09-19 01:50:00+00:00,2022-10-11 02:10:00+00:00,True,True,True,3,24,True
109,506002,2022-10-13 13:30:00+00:00,504562,509169,2022-10-06 13:15:00+00:00,2022-10-28 13:45:00+00:00,True,True,True,2,24,True
110,510105,2022-11-02 18:50:00+00:00,508665,513272,2022-10-26 19:45:00+00:00,2022-11-17 20:05:00+00:00,True,True,True,3,24,True
111,511754,2022-11-10 13:30:00+00:00,510314,514921,2022-11-03 12:25:00+00:00,2022-11-25 13:35:00+00:00,True,True,True,3,24,True
112,512625,2022-11-15 14:10:00+00:00,511185,515792,2022-11-08 14:05:00+00:00,2022-11-30 14:15:00+00:00,True,True,True,3,24,True
113,516359,2022-12-02 13:30:00+00:00,514919,519526,2022-11-25 13:25:00+00:00,2022-12-19 13:40:00+00:00,True,True,True,3,24,True
114,518375,2022-12-13 13:40:00+00:00,516935,521542,2022-12-06 13:35:00+00:00,2022-12-28 14:10:00+00:00,True,True,False,1,24,True
115,523567,2023-01-06 15:25:00+00:00,522127,526734,2022-12-30 14:55:00+00:00,2023-01-23 15:35:00+00:00,True,False,True,1,25,True
116,524698,2023-01-12 13:45:00+00:00,523258,527865,2023-01-05 13:40:00+00:00,2023-01-27 15:05:00+00:00,True,True,True,3,25,True
117,528783,2023-02-01 19:40:00+00:00,527343,531950,2023-01-25 18:20:00+00:00,2023-02-16 20:10:00+00:00,True,True,True,3,25,True
118,529280,2023-02-03 13:30:00+00:00,527840,532447,2023-01-27 13:00:00+00:00,2023-02-20 20:10:00+00:00,True,True,True,3,25,True
119,531307,2023-02-14 14:35:00+00:00,529867,534474,2023-02-07 14:30:00+00:00,2023-03-07 02:40:00+00:00,True,True,False,2,25,True
120,539655,2023-04-12 13:30:00+00:00,538215,542822,2023-04-03 01:55:00+00:00,2023-05-04 18:25:00+00:00,True,False,False,0,,False
121,552456,2023-07-12 15:15:00+00:00,551016,555623,2023-07-03 07:40:00+00:00,2023-08-02 12:45:00+00:00,True,False,True,1,26,True
122,553985,2023-07-24 08:30:00+00:00,552545,557152,2023-07-13 02:55:00+00:00,2023-08-09 20:15:00+00:00,True,True,False,1,26,True
123,559887,2023-08-23 08:30:00+00:00,558447,563054,2023-08-16 08:25:00+00:00,2023-09-07 08:35:00+00:00,True,False,True,3,27,True
124,560543,2023-08-25 15:10:00+00:00,559103,563710,2023-08-18 15:05:00+00:00,2023-09-11 15:20:00+00:00,True,True,True,4,27,True
125,561116,2023-08-29 15:00:00+00:00,559676,564283,2023-08-22 14:55:00+00:00,2023-09-13 15:05:00+00:00,True,True,True,4,27,True
126,561962,2023-09-01 13:30:00+00:00,560522,565129,2023-08-25 13:25:00+00:00,2023-09-18 14:05:00+00:00,True,True,True,5,27,True
127,564552,2023-09-14 13:30:00+00:00,563112,567719,2023-09-07 13:25:00+00:00,2023-09-29 15:05:00+00:00,True,True,True,7,27,True
128,566209,2023-09-22 08:15:00+00:00,564769,569376,2023-09-15 08:00:00+00:00,2023-10-09 09:20:00+00:00,True,True,True,5,27,True
129,567418,2023-09-28 14:00:00+00:00,565978,570585,2023-09-21 13:00:00+00:00,2023-10-13 14:05:00+00:00,True,True,True,5,27,True
130,568301,2023-10-03 15:40:00+00:00,566861,571468,2023-09-26 15:35:00+00:00,2023-10-18 15:45:00+00:00,True,True,True,5,27,True
131,569139,2023-10-06 13:30:00+00:00,567699,572306,2023-09-29 13:25:00+00:00,2023-10-23 13:40:00+00:00,True,True,True,5,27,True
132,571781,2023-10-19 17:50:00+00:00,570341,574948,2023-10-12 17:45:00+00:00,2023-11-03 16:55:00+00:00,True,True,False,3,27,True
133,576909,2023-11-14 13:30:00+00:00,575469,580076,2023-11-07 13:25:00+00:00,2023-11-29 13:35:00+00:00,True,False,False,0,,False
134,582092,2023-12-08 13:40:00+00:00,580652,585259,2023-12-01 13:35:00+00:00,2023-12-26 06:30:00+00:00,True,False,True,2,28,True
135,583019,2023-12-13 19:00:00+00:00,581579,586186,2023-12-06 18:55:00+00:00,2023-12-29 11:45:00+00:00,True,True,True,3,28,True
136,583252,2023-12-14 14:25:00+00:00,581812,586419,2023-12-07 14:20:00+00:00,2024-01-02 07:15:00+00:00,True,True,True,3,28,True
137,587376,2024-01-05 15:00:00+00:00,585936,590543,2023-12-28 14:55:00+00:00,2024-01-22 20:25:00+00:00,True,True,False,2,28,True
138,592553,2024-01-31 20:00:00+00:00,591113,595720,2024-01-24 19:55:00+00:00,2024-02-15 20:05:00+00:00,True,False,True,2,29,True
139,593051,2024-02-02 13:30:00+00:00,591611,596218,2024-01-26 13:25:00+00:00,2024-02-19 13:40:00+00:00,True,True,True,2,29,True
140,595065,2024-02-13 13:30:00+00:00,593625,598232,2024-02-06 13:25:00+00:00,2024-02-28 13:35:00+00:00,True,True,False,2,29,True
141,600253,2024-03-08 14:05:00+00:00,598813,603420,2024-03-01 14:00:00+00:00,2024-03-25 13:15:00+00:00,True,False,True,1,30,True
142,602620,2024-03-20 18:30:00+00:00,601180,605787,2024-03-13 18:25:00+00:00,2024-04-04 20:40:00+00:00,True,True,True,4,30,True
143,605989,2024-04-05 13:30:00+00:00,604549,609156,2024-03-29 11:20:00+00:00,2024-04-22 13:40:00+00:00,True,True,True,4,30,True
144,606852,2024-04-10 13:30:00+00:00,605412,610019,2024-04-03 13:25:00+00:00,2024-04-25 13:35:00+00:00,True,True,True,4,30,True
145,607142,2024-04-11 13:40:00+00:00,605702,610309,2024-04-04 13:35:00+00:00,2024-04-26 13:45:00+00:00,True,True,True,5,30,True
146,607721,2024-04-15 14:00:00+00:00,606281,610888,2024-04-08 13:55:00+00:00,2024-04-30 14:15:00+00:00,True,True,True,4,30,True
147,611743,2024-05-03 13:30:00+00:00,610303,614910,2024-04-26 13:15:00+00:00,2024-05-20 13:50:00+00:00,True,True,False,2,30,True
148,618936,2024-06-07 13:30:00+00:00,617496,622103,2024-05-31 13:25:00+00:00,2024-06-24 13:50:00+00:00,True,False,True,2,31,True
149,619799,2024-06-12 13:30:00+00:00,618359,622966,2024-06-05 13:25:00+00:00,2024-06-27 13:55:00+00:00,True,True,True,2,31,True
150,620093,2024-06-13 14:00:00+00:00,618653,623260,2024-06-06 13:55:00+00:00,2024-06-28 14:25:00+00:00,True,True,False,2,31,True
151,625835,2024-07-11 13:30:00+00:00,624395,629002,2024-07-04 13:05:00+00:00,2024-07-26 13:35:00+00:00,True,False,True,1,32,True
152,630440,2024-08-02 13:30:00+00:00,629000,633607,2024-07-26 13:25:00+00:00,2024-08-19 13:40:00+00:00,True,True,True,4,32,True
153,630667,2024-08-05 08:30:00+00:00,629227,633834,2024-07-29 08:25:00+00:00,2024-08-20 08:35:00+00:00,True,True,True,3,32,True
154,633030,2024-08-15 13:30:00+00:00,631590,636197,2024-08-08 13:25:00+00:00,2024-08-30 13:35:00+00:00,True,True,True,4,32,True
155,634775,2024-08-23 15:00:00+00:00,633335,637942,2024-08-16 14:55:00+00:00,2024-09-09 15:10:00+00:00,True,True,True,5,32,True
156,635854,2024-08-29 09:00:00+00:00,634414,639021,2024-08-22 08:55:00+00:00,2024-09-13 09:05:00+00:00,True,True,True,4,32,True
157,637648,2024-09-06 14:35:00+00:00,636208,640815,2024-08-30 14:30:00+00:00,2024-09-23 14:45:00+00:00,True,True,True,3,32,True
158,640006,2024-09-18 19:15:00+00:00,638566,643173,2024-09-11 19:10:00+00:00,2024-10-03 19:20:00+00:00,True,True,True,3,32,True
159,643391,2024-10-04 13:30:00+00:00,641951,646558,2024-09-27 13:25:00+00:00,2024-10-21 13:40:00+00:00,True,True,False,1,32,True
160,648517,2024-10-30 09:00:00+00:00,647077,651684,2024-10-23 08:55:00+00:00,2024-11-14 10:05:00+00:00,True,False,True,3,33,True
161,649135,2024-11-01 12:30:00+00:00,647695,652302,2024-10-25 12:25:00+00:00,2024-11-18 13:40:00+00:00,True,True,True,4,33,True
162,649838,2024-11-06 00:10:00+00:00,648398,653005,2024-10-29 23:05:00+00:00,2024-11-21 00:15:00+00:00,True,True,True,4,33,True
163,650363,2024-11-07 19:55:00+00:00,648923,653530,2024-10-31 18:50:00+00:00,2024-11-22 20:00:00+00:00,True,True,True,4,33,True
164,653400,2024-11-22 09:10:00+00:00,651960,656567,2024-11-15 09:05:00+00:00,2024-12-09 09:20:00+00:00,True,True,False,3,33,True
165,658705,2024-12-18 19:35:00+00:00,657265,661872,2024-12-11 19:30:00+00:00,2025-01-06 13:00:00+00:00,True,False,True,2,34,True
166,661887,2025-01-06 14:15:00+00:00,660447,665054,2024-12-27 14:00:00+00:00,2025-01-21 14:20:00+00:00,True,True,True,3,34,True
167,663030,2025-01-10 13:30:00+00:00,661590,666197,2025-01-03 13:25:00+00:00,2025-01-27 13:40:00+00:00,True,True,True,3,34,True
168,664756,2025-01-20 13:30:00+00:00,663316,667923,2025-01-13 13:25:00+00:00,2025-02-04 13:35:00+00:00,True,True,True,4,34,True
169,667656,2025-02-03 15:20:00+00:00,666216,670823,2025-01-27 15:15:00+00:00,2025-02-18 15:25:00+00:00,True,True,True,2,34,True
170,668821,2025-02-07 16:25:00+00:00,667381,671988,2025-01-31 16:20:00+00:00,2025-02-24 16:35:00+00:00,True,True,False,2,34,True
171,674261,2025-03-06 14:05:00+00:00,672821,677428,2025-02-27 14:00:00+00:00,2025-03-21 13:10:00+00:00,True,False,False,0,,False
172,679804,2025-04-02 21:25:00+00:00,678364,682971,2025-03-26 19:15:00+00:00,2025-04-17 21:30:00+00:00,True,False,True,2,35,True
173,679969,2025-04-03 11:10:00+00:00,678529,683136,2025-03-27 09:00:00+00:00,2025-04-18 11:15:00+00:00,True,True,True,2,35,True
174,681214,2025-04-09 19:00:00+00:00,679774,684381,2025-04-02 18:55:00+00:00,2025-04-24 19:05:00+00:00,True,True,False,2,35,True
175,687705,2025-05-12 08:20:00+00:00,686265,690872,2025-05-05 08:15:00+00:00,2025-05-27 08:25:00+00:00,True,False,True,2,36,True
176,690350,2025-05-23 12:50:00+00:00,688910,693517,2025-05-16 12:45:00+00:00,2025-06-09 13:00:00+00:00,True,True,True,4,36,True
177,691355,2025-05-29 00:40:00+00:00,689915,694522,2025-05-22 00:35:00+00:00,2025-06-13 00:45:00+00:00,True,True,True,4,36,True
178,694099,2025-06-11 13:30:00+00:00,692659,697266,2025-06-04 13:25:00+00:00,2025-06-26 13:35:00+00:00,True,True,True,4,36,True
179,694528,2025-06-13 01:15:00+00:00,693088,697695,2025-06-06 01:10:00+00:00,2025-06-30 01:25:00+00:00,True,True,True,4,36,True
180,698704,2025-07-03 13:30:00+00:00,697264,701871,2025-06-26 13:25:00+00:00,2025-07-18 13:35:00+00:00,True,True,True,5,36,True
181,701007,2025-07-15 13:35:00+00:00,699567,704174,2025-07-08 13:30:00+00:00,2025-07-30 13:40:00+00:00,True,True,True,6,36,True
182,701324,2025-07-16 16:00:00+00:00,699884,704491,2025-07-09 15:55:00+00:00,2025-07-31 16:05:00+00:00,True,True,True,6,36,True
183,703043,2025-07-24 15:20:00+00:00,701603,706210,2025-07-17 15:15:00+00:00,2025-08-08 15:25:00+00:00,True,True,True,7,36,True
184,703823,2025-07-29 08:25:00+00:00,702383,706990,2025-07-22 08:20:00+00:00,2025-08-13 08:30:00+00:00,True,True,True,6,36,True
185,704248,2025-07-30 19:50:00+00:00,702808,707415,2025-07-23 19:45:00+00:00,2025-08-14 19:55:00+00:00,True,True,True,6,36,True
186,704748,2025-08-01 13:30:00+00:00,703308,707915,2025-07-25 13:25:00+00:00,2025-08-18 13:40:00+00:00,True,True,True,7,36,True
187,706768,2025-08-12 14:00:00+00:00,705328,709935,2025-08-05 13:55:00+00:00,2025-08-27 14:05:00+00:00,True,True,True,6,36,True
188,709083,2025-08-22 15:00:00+00:00,707643,712250,2025-08-15 14:55:00+00:00,2025-09-08 15:20:00+00:00,True,True,True,5,36,True
189,711028,2025-09-02 09:15:00+00:00,709588,714195,2025-08-26 09:10:00+00:00,2025-09-17 09:30:00+00:00,True,True,True,5,36,True
190,711941,2025-09-05 13:30:00+00:00,710501,715108,2025-08-29 13:15:00+00:00,2025-09-22 13:40:00+00:00,True,True,True,4,36,True
191,713092,2025-09-11 13:30:00+00:00,711652,716259,2025-09-04 13:25:00+00:00,2025-09-26 13:35:00+00:00,True,True,True,5,36,True
192,714309,2025-09-17 19:00:00+00:00,712869,717476,2025-09-10 18:55:00+00:00,2025-10-02 19:05:00+00:00,True,True,True,5,36,True
193,717118,2025-10-01 13:15:00+00:00,715678,720285,2025-09-24 13:10:00+00:00,2025-10-16 13:20:00+00:00,True,True,True,4,36,True
194,717926,2025-10-06 08:40:00+00:00,716486,721093,2025-09-29 08:35:00+00:00,2025-10-21 08:45:00+00:00,True,True,True,4,36,True
195,719170,2025-10-10 16:20:00+00:00,717730,722337,2025-10-03 16:15:00+00:00,2025-10-27 15:30:00+00:00,True,True,True,4,36,True
196,722015,2025-10-24 13:35:00+00:00,720575,725182,2025-10-17 13:30:00+00:00,2025-11-10 13:45:00+00:00,True,True,True,3,36,True
197,722950,2025-10-29 18:35:00+00:00,721510,726117,2025-10-22 19:30:00+00:00,2025-11-13 19:40:00+00:00,True,True,False,2,36,True
198,731589,2025-12-10 20:00:00+00:00,730149,734756,2025-12-03 19:55:00+00:00,2025-12-26 14:45:00+00:00,True,False,False,0,,False
