event_id,scale_group,component_start,component_end,group_energy,group_rms_volatility,group_detail_energy_share
0,fine,D_01,D_03,0.000611218697653191,0.00036420179370689673,0.8837437978891128
0,mid,D_04,D_06,7.08797923604038e-05,0.00012402378555651406,0.10248308360768935
0,coarse,D_07,D_09,9.52582363152707e-06,4.54668673997601e-05,0.013773118503197745
1,fine,D_01,D_03,0.0007062084034185383,0.0003914805640026977,0.8295556230210426
1,mid,D_04,D_06,0.00013381062230684282,0.00017040763926963562,0.15718214852337245
1,coarse,D_07,D_09,1.1290258209910298e-05,4.9498917570916023e-05,0.013262228455584982
2,fine,D_01,D_03,0.0007260858062363912,0.00039695176593433054,0.8784740283519872
2,mid,D_04,D_06,9.015522616893547e-05,0.00013987471620910625,0.10907667389909625
2,coarse,D_07,D_09,1.028972752906153e-05,4.7254775279210674e-05,0.01244929774891663
3,fine,D_01,D_03,0.0006305392555216862,0.0003699132005455684,0.8178143577296793
3,mid,D_04,D_06,0.00012969421584869902,0.00016776604587258155,0.16821441473584867
3,coarse,D_07,D_09,1.0771891352905344e-05,4.8349250595873595e-05,0.013971227534472176
4,fine,D_01,D_03,0.0003703380333333125,0.00028349338055257145,0.8898420452845404
4,mid,D_04,D_06,4.1750897441954455e-05,9.518678804581914e-05,0.10031835952095276
4,coarse,D_07,D_09,4.095082214242188e-06,2.9810899292581216e-05,0.00983959519450694
5,fine,D_01,D_03,0.00038155945521948717,0.00028775632264036664,0.8938546740823595
5,mid,D_04,D_06,4.091159838235165e-05,9.422518275712978e-05,0.09584095725582129
5,coarse,D_07,D_09,4.3986225132411295e-06,3.0895989664561254e-05,0.010304368661819172
6,fine,D_01,D_03,0.00040991092505385213,0.0002982555346409825,0.8847521780136842
6,mid,D_04,D_06,4.6452338187183656e-05,0.00010040319993895894,0.10026277630814452
6,coarse,D_07,D_09,6.942660429165297e-06,3.88156378147798e-05,0.014985045678171273
7,fine,D_01,D_03,0.0004193323585846123,0.0003016636303457823,0.8745278839811602
7,mid,D_04,D_06,5.216421958146077e-05,0.00010639718112913862,0.10878975503842149
7,coarse,D_07,D_09,7.999120330884033e-06,4.166437579870026e-05,0.016682360980418254
8,fine,D_01,D_03,0.0011856323157077985,0.0005072461726066429,0.8866438942988728
8,mid,D_04,D_06,0.0001231094697893206,0.00016345172008281115,0.09206417392048712
8,coarse,D_07,D_09,2.8471861753398965e-05,7.860527617795085e-05,0.0212919317806401
9,fine,D_01,D_03,0.0012393117066147714,0.0005186018251009123,0.8974052722614562
9,mid,D_04,D_06,0.00012999668655914822,0.00016796156254593103,0.09413266353576226
9,coarse,D_07,D_09,1.1686063758245478e-05,5.0359091949521446e-05,0.008462064202781592
10,fine,D_01,D_03,0.00038759733845895725,0.0002900241468256759,0.8875291906908743
10,mid,D_04,D_06,4.541869782684467e-05,9.927984812474728e-05,0.10400076606501595
10,coarse,D_07,D_09,3.698995202054921e-06,2.833254901662185e-05,0.008470043244109802
11,fine,D_01,D_03,0.00022927055466123633,0.00022305805225265342,0.8798150796579717
11,mid,D_04,D_06,2.7557979474560172e-05,7.73334616818262e-05,0.10575246325219564
11,coarse,D_07,D_09,3.760946497298898e-06,2.856882260930399e-05,0.014432457089832542
12,fine,D_01,D_03,0.00022945287431980956,0.00022314672431580828,0.8668981248520403
12,mid,D_04,D_06,3.1767827622694135e-05,8.303047521213353e-05,0.12002233695426323
12,coarse,D_07,D_09,3.4619265485568263e-06,2.7409599474454308e-05,0.013079538193696573
13,fine,D_01,D_03,0.0002517305609928995,0.000233728534828871,0.8839125231395567
13,mid,D_04,D_06,2.9982074480296078e-05,8.066304345811262e-05,0.10527736877996367
13,coarse,D_07,D_09,3.0786242985080778e-06,2.5847712305870813e-05,0.010810108080479667
14,fine,D_01,D_03,0.0002327248499923463,0.00022473211772668894,0.8800015410961093
14,mid,D_04,D_06,2.9190406347700188e-05,7.959097687402339e-05,0.11037756634945779
14,coarse,D_07,D_09,2.544337335743785e-06,2.3498011402562414e-05,0.009620892554432993
15,fine,D_01,D_03,0.00023718726707214335,0.000226876466876257,0.8661926354494548
15,mid,D_04,D_06,3.208631841906479e-05,8.344565141604705e-05,0.11717716999043865
15,coarse,D_07,D_09,4.553802742207517e-06,3.143625999255222e-05,0.01663019456010649
16,fine,D_01,D_03,0.00029039587423150364,0.00025103772223366606,0.9034068445307393
16,mid,D_04,D_06,2.829890448257664e-05,7.83661617859339e-05,0.0880364573702607
16,coarse,D_07,D_09,2.7505102933826803e-06,2.4431515204667394e-05,0.008556698099000051
17,fine,D_01,D_03,0.00031446928288452966,0.0002612359125673036,0.8977245863154192
17,mid,D_04,D_06,3.317664953534656e-05,8.485159831122396e-05,0.094710344063674
17,coarse,D_07,D_09,2.650013216661816e-06,2.3981027370709838e-05,0.007565069620906864
18,fine,D_01,D_03,0.00031938694459565306,0.00026327058876191007,0.9027621635366541
18,mid,D_04,D_06,3.1073634294928334e-05,8.211826971054337e-05,0.08783108326657028
18,coarse,D_07,D_09,3.328001862986368e-06,2.6874200016300743e-05,0.00940675319677572
19,fine,D_01,D_03,0.0002877343913969587,0.0002498846918963458,0.8882735504958169
19,mid,D_04,D_06,3.234567453259565e-05,8.378222137812338e-05,0.09985531107615296
19,coarse,D_07,D_09,3.845363614476341e-06,2.8887667129232587e-05,0.01187113842803023
20,fine,D_01,D_03,0.0002320244973338445,0.00022439371311136865,0.8857499250600346
20,mid,D_04,D_06,2.6715516562557216e-05,7.61422231282753e-05,0.10198607071725568
20,coarse,D_07,D_09,3.2125878135202647e-06,2.6404093902444092e-05,0.012264004222709658
21,fine,D_01,D_03,0.00026553417916581244,0.00024005125463886235,0.8906524774674663
21,mid,D_04,D_06,2.9199276717995427e-05,7.96030689943232e-05,0.09793996475648083
21,coarse,D_07,D_09,3.4009858693301807e-06,2.716728123238505e-05,0.011407557776052834
22,fine,D_01,D_03,0.00029202996575814307,0.0002517430407007584,0.8933936742755694
22,mid,D_04,D_06,3.214866016219017e-05,8.352667696229862e-05,0.09835089885646374
22,coarse,D_07,D_09,2.698510292818131e-06,2.4199467201803368e-05,0.008255426867966915
23,fine,D_01,D_03,0.0002539478744503191,0.0002347556512834804,0.9135393735595674
23,mid,D_04,D_06,2.1400679473614653e-05,6.814869534652688e-05,0.07698573324306261
23,coarse,D_07,D_09,2.633853622247896e-06,2.390779825345911e-05,0.009474893197370162
24,fine,D_01,D_03,0.0006544247590880922,0.00037685443072210407,0.8711744030761227
24,mid,D_04,D_06,8.236069391356684e-05,0.00013369148992277175,0.10963907975772123
24,coarse,D_07,D_09,1.4412879705677168e-05,5.592669376082182e-05,0.019186517166156127
25,fine,D_01,D_03,0.0006198303151382865,0.00036675848611775175,0.8740347889787062
25,mid,D_04,D_06,7.704373418880292e-05,0.00012930413903210512,0.10864086881394036
25,coarse,D_07,D_09,1.228572663851819e-05,5.1635000877802343e-05,0.017324342207353304
26,fine,D_01,D_03,0.00058653517867396,0.00035677202818351015,0.8907602218639371
26,mid,D_04,D_06,6.121939064169786e-05,0.0001152625613048873,0.09297276612403613
26,coarse,D_07,D_09,1.0711271746060212e-05,4.821301418246121e-05,0.01626701201202667
27,fine,D_01,D_03,0.0006113372399849423,0.0003642371094105216,0.896550647355309
27,mid,D_04,D_06,6.236438570230961e-05,0.00011633545405174137,0.09145987961521702
27,coarse,D_07,D_09,8.175345556141997e-06,4.212082064904328e-05,0.011989473029473863
28,fine,D_01,D_03,0.0005565056432126433,0.00034751899778600335,0.8841335098880112
28,mid,D_04,D_06,6.643703586483282e-05,0.00012007397519561828,0.10555007019629774
28,coarse,D_07,D_09,6.493528224668855e-06,3.7539123759687713e-05,0.010316419915690996
29,fine,D_01,D_03,0.0002999863068560335,0.0002551493583457411,0.8918780655479988
29,mid,D_04,D_06,3.307968792745023e-05,8.472751454142156e-05,0.09834798256916644
29,coarse,D_07,D_09,3.2875029020011206e-06,2.67101813827007e-05,0.009773951882834817
30,fine,D_01,D_03,0.0002690154260799116,0.00024161970901543408,0.8783633462547559
30,mid,D_04,D_06,3.34508863648691e-05,8.520156651623579e-05,0.10922062318428542
30,coarse,D_07,D_09,3.802644732182104e-06,2.8726759674451375e-05,0.012416030560958642
31,fine,D_01,D_03,0.0002725420285444011,0.00024319828432800886,0.8725739112361964
31,mid,D_04,D_06,3.523242379108284e-05,8.744098182136507e-05,0.11280056141766005
31,coarse,D_07,D_09,4.5681756469230555e-06,3.14858311350723e-05,0.014625527346143618
32,fine,D_01,D_03,0.0002621256463454146,0.00023850556784052652,0.8811327755029309
32,mid,D_04,D_06,3.2328330914807816e-05,8.375975652489288e-05,0.10867136559695932
32,coarse,D_07,D_09,3.033136637906212e-06,2.5656047577976555e-05,0.010195858900109796
33,fine,D_01,D_03,0.00028356402799407585,0.0002480671934456311,0.8905154565230294
33,mid,D_04,D_06,3.111170860207195e-05,8.21685637802775e-05,0.09770441471357708
33,coarse,D_07,D_09,3.7511092457386614e-06,2.8531435383885152e-05,0.011780128763393459
34,fine,D_01,D_03,0.00027007359783811854,0.00024209444800132017,0.8944014518975438
34,mid,D_04,D_06,2.9143840420122528e-05,7.952746787574706e-05,0.09651551797096429
34,coarse,D_07,D_09,2.742713153785301e-06,2.439686142948837e-05,0.00908303013149193
35,fine,D_01,D_03,0.0002771079871175973,0.0002452270008105998,0.8891947752975363
35,mid,D_04,D_06,3.0833958702996555e-05,8.180096141230054e-05,0.09894119352398643
35,coarse,D_07,D_09,3.6972977015841747e-06,2.832604724631964e-05,0.011864031178477216
36,fine,D_01,D_03,0.00024677449472019174,0.0002314162759570281,0.8802946429229723
36,mid,D_04,D_06,3.0156241979571516e-05,8.089699219539116e-05,0.10757342769724071
36,coarse,D_07,D_09,3.400964400665951e-06,2.7167195485754272e-05,0.01213192937978695
37,fine,D_01,D_03,0.00030470853874428545,0.00025714973258891024,0.8905904436596532
37,mid,D_04,D_06,3.346006865274834e-05,8.52132596537776e-05,0.09779580680323963
37,coarse,D_07,D_09,3.97355336112999e-06,2.936522207657103e-05,0.011613749537107225
38,fine,D_01,D_03,0.00029927495411603795,0.00025484666299515317,0.8877793452870278
38,mid,D_04,D_06,3.394961921587983e-05,8.583436894586593e-05,0.10070929860883579
38,coarse,D_07,D_09,3.880536969200362e-06,2.9019483432054284e-05,0.011511356104136436
39,fine,D_01,D_03,0.0002865397021125469,0.0002493653846798059,0.8996629213498765
39,mid,D_04,D_06,2.8851219607783407e-05,7.91272100245702e-05,0.09058560585314675
39,coarse,D_07,D_09,3.105812237111937e-06,2.596159455300004e-05,0.009751472796976742
40,fine,D_01,D_03,0.00022195616620760255,0.0002194711160758527,0.8733960646628921
40,mid,D_04,D_06,2.8629578257275657e-05,7.882268781803985e-05,0.11265720349249021
40,coarse,D_07,D_09,3.544283351621946e-06,2.7733710776952005e-05,0.013946731844617626
41,fine,D_01,D_03,0.00034302089375432834,0.00027283749398454967,0.879118084254722
41,mid,D_04,D_06,3.9717955216398905e-05,9.284044334354213e-05,0.10179197050708769
41,coarse,D_07,D_09,7.448658143435317e-06,4.020525178021883e-05,0.01908994523819021
42,fine,D_01,D_03,0.0003564718841507858,0.000278135488313001,0.8818342635847879
42,mid,D_04,D_06,4.090454900119486e-05,9.421706454775277e-05,0.10118899820575661
42,coarse,D_07,D_09,6.862661280202499e-06,3.859135670773891e-05,0.016976738209455413
43,fine,D_01,D_03,0.00035028862369151047,0.00027571270638262444,0.8764734249660261
43,mid,D_04,D_06,4.3987628726267186e-05,9.770325671587331e-05,0.11006348764497356
43,coarse,D_07,D_09,5.380615336185756e-06,3.417116121411251e-05,0.013463087389000327
44,fine,D_01,D_03,0.00035377425840262634,0.00027708108489165516,0.8957948168778803
44,mid,D_04,D_06,3.5688618720560945e-05,8.800526085196119e-05,0.09036745583401114
44,coarse,D_07,D_09,5.4649029187180186e-06,3.4437767563987605e-05,0.013837727288108587
45,fine,D_01,D_03,0.0003732297704811384,0.0002845980392434552,0.8877273110422086
45,mid,D_04,D_06,4.367429780752231e-05,9.735465685678262e-05,0.10387935266886149
45,coarse,D_07,D_09,3.5288347420679727e-06,2.767320275324831e-05,0.008393336288929928
46,fine,D_01,D_03,0.0004163715479239456,0.0003005967545361423,0.8959176070854586
46,mid,D_04,D_06,4.2959997651711683e-05,9.655524924650905e-05,0.09243815646968458
46,coarse,D_07,D_09,5.411578826662112e-06,3.426934149064897e-05,0.011644236444856815
47,fine,D_01,D_03,0.0004071440740176602,0.00029724723521109165,0.8853363967681316
47,mid,D_04,D_06,4.763585630733906e-05,0.00010167419745347369,0.10358435765486476
47,coarse,D_07,D_09,5.095068041627986e-06,3.325207557231856e-05,0.011079245577003585
48,fine,D_01,D_03,0.0003366100356998542,0.000270275882916425,0.8570554805110789
48,mid,D_04,D_06,5.106864044311387e-05,0.0001052739486427128,0.1300277874455525
48,coarse,D_07,D_09,5.073069052252019e-06,3.3180211627279907e-05,0.01291673204336855
49,fine,D_01,D_03,0.0003032955822973087,0.00025655282847234217,0.8601523740232953
49,mid,D_04,D_06,4.478837769401789e-05,9.858853899111797e-05,0.12702074032979854
49,coarse,D_07,D_09,4.522847194088065e-06,3.132923009649695e-05,0.012826885646906337
50,fine,D_01,D_03,0.0002489156916434571,0.0002324180764248214,0.8848609079245353
50,mid,D_04,D_06,2.886106319396263e-05,7.9140707358412e-05,0.10259709387087347
50,coarse,D_07,D_09,3.528125301646938e-06,2.767042088942064e-05,0.012541998204591277
51,fine,D_01,D_03,0.00023636825309556028,0.00022648442289513132,0.8756962242198162
51,mid,D_04,D_06,3.0120273496602698e-05,8.084873335986583e-05,0.11158947713159965
51,coarse,D_07,D_09,3.4318482571722682e-06,2.729026816221324e-05,0.012714298648584293
52,fine,D_01,D_03,0.00023668874763090684,0.00022663791734752568,0.9019959368568392
52,mid,D_04,D_06,2.3328683703070234e-05,7.115229000574835e-05,0.08890316131631767
52,coarse,D_07,D_09,2.388127227283979e-06,2.276525371601063e-05,0.009100901826843154
53,fine,D_01,D_03,0.00038531073964069476,0.0002891673944968231,0.8911433734427399
53,mid,D_04,D_06,4.257652708869971e-05,9.612334637798378e-05,0.0984706266289932
53,coarse,D_07,D_09,4.4906772956280465e-06,3.1217612715729576e-05,0.010385999928266837
54,fine,D_01,D_03,0.0004642472780960619,0.00031740842336917883,0.8781736039205487
54,mid,D_04,D_06,5.735640819593533e-05,0.00011156673874994493,0.10849580831132048
54,coarse,D_07,D_09,7.047227403723416e-06,3.910685649302902e-05,0.013330587768130935
55,fine,D_01,D_03,0.0004824004607042711,0.000323554632139961,0.8753104961375351
55,mid,D_04,D_06,5.983494731441941e-05,0.00011395180827070686,0.10856987438130782
55,coarse,D_07,D_09,8.883838046505597e-06,4.3908043030078775e-05,0.01611962948115708
56,fine,D_01,D_03,0.0005112490322264063,0.00033308878797421766,0.8803325879656047
56,mid,D_04,D_06,6.252450871270404e-05,0.00011648470623481488,0.10766252666852437
56,coarse,D_07,D_09,6.97178101684712e-06,3.8896957605289974e-05,0.012004885365871007
57,fine,D_01,D_03,0.0005054655561229869,0.00033119940524347914,0.8855505288203463
57,mid,D_04,D_06,5.870874589842386e-05,0.00011287432506644975,0.10285480453999281
57,coarse,D_07,D_09,6.618148180526639e-06,3.789762623039879e-05,0.011594666639660777
58,fine,D_01,D_03,0.0003876754974293254,0.0002900533870239621,0.9004000075453629
58,mid,D_04,D_06,3.829203311607812e-05,9.115866947242172e-05,0.08893558436183992
58,coarse,D_07,D_09,4.591658904396659e-06,3.15666557508776e-05,0.010664408092797216
59,fine,D_01,D_03,0.00030900543910974103,0.0002589565060565648,0.8965828739335631
59,mid,D_04,D_06,3.1396571989592615e-05,8.254388036215316e-05,0.09109751863006468
59,coarse,D_07,D_09,4.245927304895076e-06,3.0354986351089e-05,0.012319607436372176
60,fine,D_01,D_03,0.0003541669942035254,0.0002772348403938358,0.8899923601443296
60,mid,D_04,D_06,3.9752847733043534e-05,9.288121489814627e-05,0.09989561804299099
60,coarse,D_07,D_09,4.024016981602355e-06,2.955110106463811e-05,0.010112021812679383
61,fine,D_01,D_03,0.0003183406056947131,0.00026283898651656315,0.885232993918439
61,mid,D_04,D_06,3.772714540686639e-05,9.048378054336953e-05,0.10491063120155165
61,coarse,D_07,D_09,3.5444728911058344e-06,2.7734452332074638e-05,0.009856374880009448
62,fine,D_01,D_03,0.0003286810857403578,0.00026707369885620966,0.8713790050637306
62,mid,D_04,D_06,4.47983540221282e-05,9.859951836679142e-05,0.11876663078547718
62,coarse,D_07,D_09,3.717031383062006e-06,2.8401539316740055e-05,0.009854364150792182
63,fine,D_01,D_03,0.0003139899496447859,0.0002610367407941675,0.893340188445607
63,mid,D_04,D_06,3.204314092887566e-05,8.338948749806554e-05,0.09116669367339501
63,coarse,D_07,D_09,5.445499224388102e-06,3.437657579843999e-05,0.015493117880997937
64,fine,D_01,D_03,0.00018985631540814263,0.00020298142116173223,0.8786730705436403
64,mid,D_04,D_06,2.3287956110401103e-05,7.10901534658064e-05,0.10777887403019759
64,coarse,D_07,D_09,2.9273503085340016e-06,2.520467564947132e-05,0.013548055426162173
65,fine,D_01,D_03,0.00016349122495701738,0.00018836100054716876,0.8774318733238339
65,mid,D_04,D_06,2.0518369780782738e-05,6.672908825832944e-05,0.11011888643587163
65,coarse,D_07,D_09,2.3196576264773495e-06,2.2436530979913524e-05,0.012449240240294484
66,fine,D_01,D_03,0.000191870681639558,0.00020405539146604878,0.8768976217724735
66,mid,D_04,D_06,2.4804442766185564e-05,7.33683077793934e-05,0.11336258716128499
66,coarse,D_07,D_09,2.1311271743778567e-06,2.1505445724944365e-05,0.0097397910662415
67,fine,D_01,D_03,0.0001887051507990023,0.00020236511218156087,0.8756880128645862
67,mid,D_04,D_06,2.4791548717366226e-05,7.334923584287698e-05,0.1150454131231949
67,coarse,D_07,D_09,1.9968872711248243e-06,2.0817114890866102e-05,0.009266574012218901
68,fine,D_01,D_03,0.00012756739044303617,0.0001663847814418451,0.8667157616601229
68,mid,D_04,D_06,1.8217455320490142e-05,6.287639322320537e-05,0.12377266328622154
68,coarse,D_07,D_09,1.3999593203125945e-06,1.7430163980504652e-05,0.009511575053655534
69,fine,D_01,D_03,0.00014526560764689146,0.00017755183591633018,0.8741727154932005
69,mid,D_04,D_06,1.9328272198662145e-05,6.476498680100742e-05,0.11631279053172214
69,coarse,D_07,D_09,1.5810705644850766e-06,1.852334396934466e-05,0.009514493975077266
70,fine,D_01,D_03,0.00019661175581778568,0.00020656108474562747,0.8770821790738921
70,mid,D_04,D_06,2.4332610811757368e-05,7.266714869237192e-05,0.10854742242936884
70,coarse,D_07,D_09,3.2213506871482288e-06,2.644008018317894e-05,0.014370398496739129
71,fine,D_01,D_03,0.00020451630674712243,0.0002106724449670292,0.8862104894494713
71,mid,D_04,D_06,2.352586913313902e-05,7.14523642021282e-05,0.10194234548241805
71,coarse,D_07,D_09,2.7340439703649264e-06,2.4358274043989873e-05,0.011847165068110484
72,fine,D_01,D_03,0.00018528709013634006,0.00020052399355536795,0.8813761633874678
72,mid,D_04,D_06,2.32033774873982e-05,7.096094125571601e-05,0.11037414324131137
72,coarse,D_07,D_09,1.7342897876835054e-06,1.940012812549141e-05,0.008249693371220793
73,fine,D_01,D_03,0.00020109095069770135,0.00020890076407536665,0.8810497401052101
73,mid,D_04,D_06,2.4643112464245556e-05,7.312932154883004e-05,0.10797008894073122
73,coarse,D_07,D_09,2.5061161878457116e-06,2.332084946848624e-05,0.01098017095405857
74,fine,D_01,D_03,0.00017996451030998287,0.0001976228687281761,0.8628927080681583
74,mid,D_04,D_06,2.5885501777925996e-05,7.495007275959089e-05,0.12411564196954147
74,coarse,D_07,D_09,2.709532600893621e-06,2.4248839287503027e-05,0.012991649962300168
75,fine,D_01,D_03,0.00012417896188422956,0.00016416016397616617,0.8879405235250588
75,mid,D_04,D_06,1.3686985858570517e-05,5.450014704875222e-05,0.09786866635323849
75,coarse,D_07,D_09,1.984592461456131e-06,2.0752930586309187e-05,0.014190810121702568
76,fine,D_01,D_03,0.00012265954031804617,0.00016315276232335956,0.9013795622972545
76,mid,D_04,D_06,1.1490344364528741e-05,4.9935601680753894e-05,0.08443828785831389
76,coarse,D_07,D_09,1.9299039532316057e-06,2.0464993576173707e-05,0.01418214984443173
77,fine,D_01,D_03,8.677475628449696e-05,0.00013722728343403229,0.8865435836558153
77,mid,D_04,D_06,9.730691803842597e-06,4.595318563419863e-05,0.0994146541298914
77,coarse,D_07,D_09,1.3744056315038494e-06,1.727035352861775e-05,0.014041762214293266
78,fine,D_01,D_03,0.0005046025760534484,0.0003309165565104142,0.8811418939995381
78,mid,D_04,D_06,6.143051226492153e-05,0.00011546113789083845,0.10727055408599694
78,coarse,D_07,D_09,6.635830830437333e-06,3.7948220702978825e-05,0.011587551914464946
79,fine,D_01,D_03,0.0012098034596934087,0.0005123906259674339,0.888878063400328
79,mid,D_04,D_06,0.00013544692144554983,0.0001714463856747252,0.09951682338432698
79,coarse,D_07,D_09,1.5795086746037576e-05,5.854701700424164e-05,0.011605113215344992
80,fine,D_01,D_03,0.001729094615991634,0.0006125663611994904,0.8858034440163066
80,mid,D_04,D_06,0.00020423531167239743,0.000210527668572236,0.10462836492345469
80,coarse,D_07,D_09,1.8677176927677005e-05,6.36648003102265e-05,0.009568191060238799
81,fine,D_01,D_03,0.0003659759054187362,0.00028181883271802846,0.8938596423715575
81,mid,D_04,D_06,3.912843189737044e-05,9.214886419361015e-05,0.09556729179295534
81,coarse,D_07,D_09,4.328965263414204e-06,3.065037661560506e-05,0.010573065835487148
82,fine,D_01,D_03,0.00033897425391692435,0.00027122337855671924,0.8895970017674782
82,mid,D_04,D_06,3.859652615824377e-05,9.152039247731736e-05,0.10129192277071461
82,coarse,D_07,D_09,3.471706852553137e-06,2.744828965809638e-05,0.009111075461807162
83,fine,D_01,D_03,0.00021766747904780495,0.0002173404382824441,0.8920869025179363
83,mid,D_04,D_06,2.4105046586634192e-05,7.232655046117797e-05,0.09879195752434063
83,coarse,D_07,D_09,2.225540510723781e-06,2.197665127156391e-05,0.009121139957722983
84,fine,D_01,D_03,0.00021405826688360174,0.000215531011562666,0.8921066259568177
84,mid,D_04,D_06,2.356908305461779e-05,7.151795838268749e-05,0.09822622348047153
84,coarse,D_07,D_09,2.3196033242520465e-06,2.243626836342289e-05,0.00966715056271081
85,fine,D_01,D_03,0.00018775284414120075,0.00020185384528671087,0.8755873910726851
85,mid,D_04,D_06,2.2670141085058524e-05,7.01408260468062e-05,0.10572244473158551
85,coarse,D_07,D_09,4.007745567138858e-06,2.9491294498580578e-05,0.018690164195729393
86,fine,D_01,D_03,0.00019520037543583794,0.00020581834851611828,0.8842154126946322
86,mid,D_04,D_06,2.2022876315002622e-05,6.913226478018583e-05,0.09975885869130216
86,coarse,D_07,D_09,3.537857627436306e-06,2.7708559003765795e-05,0.016025728614065548
87,fine,D_01,D_03,0.00012207693092646253,0.00016276482889117017,0.8979751600858954
87,mid,D_04,D_06,1.2300353675931458e-05,5.1665729317630133e-05,0.09047910999590322
87,coarse,D_07,D_09,1.5696060830736526e-06,1.845606458894934e-05,0.011545729918201353
88,fine,D_01,D_03,0.00012583347438092958,0.00016525014864684964,0.9024707199381102
88,mid,D_04,D_06,1.2455023883506428e-05,5.198954865320261e-05,0.08932674255633445
88,coarse,D_07,D_09,1.1436978178468773e-06,1.5754310875588525e-05,0.00820253750555538
89,fine,D_01,D_03,0.00012903809623787495,0.00016734114580520818,0.9081284046858209
89,mid,D_04,D_06,1.1480481419930095e-05,4.991416551697186e-05,0.08079591671661832
89,coarse,D_07,D_09,1.5737691645778578e-06,1.848052398116619e-05,0.011075678597560836
90,fine,D_01,D_03,0.00014590804486415247,0.00017794401433075571,0.8827021555462169
90,mid,D_04,D_06,1.7495665942813797e-05,6.161819946209813e-05,0.10584380083234542
90,coarse,D_07,D_09,1.8933193944207926e-06,2.0270091383415426e-05,0.011454043621437702
91,fine,D_01,D_03,0.00016881193635268099,0.00019140150155826598,0.8851162199219798
91,mid,D_04,D_06,1.8493928869314985e-05,6.335171209023901e-05,0.09696752946495116
91,coarse,D_07,D_09,3.41703935607315e-06,2.7231323859625682e-05,0.017916250613069097
92,fine,D_01,D_03,0.00020018464450938294,0.00020842948016252632,0.8669550230199573
92,mid,D_04,D_06,2.7073445855285336e-05,7.665059537067041e-05,0.11724905240470791
92,coarse,D_07,D_09,3.647365159492986e-06,2.8134123363975914e-05,0.015795924575334845
93,fine,D_01,D_03,0.00024421746976460734,0.00023021421078687145,0.8806157592730256
93,mid,D_04,D_06,2.9348397340137264e-05,7.980607645686832e-05,0.10582642278638865
93,coarse,D_07,D_09,3.7599327040347676e-06,2.8564971872261674e-05,0.013557817940585774
94,fine,D_01,D_03,0.00020522693257159173,0.00021103813575299346,0.8910792891485533
94,mid,D_04,D_06,2.1336003563150453e-05,6.804563987932268e-05,0.09263925864940217
94,coarse,D_07,D_09,3.7498262319948673e-06,2.852655558006916e-05,0.016281452202044522
95,fine,D_01,D_03,0.00034959766830596617,0.00027544064613917386,0.8849906157217067
95,mid,D_04,D_06,3.9677644263052534e-05,9.279331809712887e-05,0.10044215396772556
95,coarse,D_07,D_09,5.754490115239715e-06,3.533842495755634e-05,0.01456723031056772
96,fine,D_01,D_03,0.00034714586880450884,0.00027447308611406413,0.8826030899675065
96,mid,D_04,D_06,4.191860801789468e-05,9.537777593743882e-05,0.10657621561547444
96,coarse,D_07,D_09,4.2560006951737486e-06,3.039097336337666e-05,0.010820694417019135
97,fine,D_01,D_03,0.00041490620027107575,0.00030006733918395436,0.8729878917131324
97,mid,D_04,D_06,5.2764960077815024e-05,0.00010700807999190344,0.11102068666258619
97,coarse,D_07,D_09,7.600265760895148e-06,4.061235316207282e-05,0.01599142162428152
98,fine,D_01,D_03,0.00042922691235571404,0.0003052019027890943,0.8824816848934894
98,mid,D_04,D_06,4.9706797599672996e-05,0.00010386079843385533,0.10219615134492423
98,coarse,D_07,D_09,7.452488991641889e-06,4.021558924071411e-05,0.015322163761586335
99,fine,D_01,D_03,0.0006425083465489345,0.00037340759891592214,0.8916838410050831
99,mid,D_04,D_06,6.878513321551333e-05,0.00012217744987041932,0.09546115956173638
99,coarse,D_07,D_09,9.262749924222553e-06,4.483464489500053e-05,0.012854999433180523
100,fine,D_01,D_03,0.0006291692862012249,0.0003695111277999272,0.9043975682325752
100,mid,D_04,D_06,5.4589622380759155e-05,0.00010884257551998882,0.07846969458725786
100,coarse,D_07,D_09,1.1918864447396198e-05,5.0858225734574804e-05,0.017132737180166936
101,fine,D_01,D_03,0.0006614825558071462,0.00037888111838394676,0.8885866982217343
101,mid,D_04,D_06,7.240525974829523e-05,0.00012535129434508316,0.09726386603667656
101,coarse,D_07,D_09,1.0533136424736134e-05,4.7810426663325186e-05,0.014149435741589136
102,fine,D_01,D_03,0.0008243882932473593,0.00042297010470254654,0.8663428878672088
102,mid,D_04,D_06,0.0001180255101465659,0.0001600411664072756,0.12403203944054064
102,coarse,D_07,D_09,9.158956990667178e-06,4.45827418931447e-05,0.009625072692250509
103,fine,D_01,D_03,0.0007821884421851057,0.00041200213067717456,0.8725241440808112
103,mid,D_04,D_06,0.00010540742952403642,0.0001512444253478211,0.11758103580294707
103,coarse,D_07,D_09,8.870372224001316e-06,4.387475324400706e-05,0.009894820116241711
104,fine,D_01,D_03,0.0004898257980203009,0.00032603527616883565,0.8727177925956057
104,mid,D_04,D_06,6.446163663082497e-05,0.00011827540086339924,0.11485066212299015
104,coarse,D_07,D_09,6.977389070960392e-06,3.891259868705695e-05,0.012431545281404074
105,fine,D_01,D_03,0.0007057163484080716,0.0003913441570031443,0.8742182353486703
105,mid,D_04,D_06,8.999179597318306e-05,0.00013974787873966427,0.1114788813508431
105,coarse,D_07,D_09,1.1546062717967027e-05,5.005652776392944e-05,0.014302883300486624
106,fine,D_01,D_03,0.0007731001162033233,0.0004096015902285233,0.8672881724115715
106,mid,D_04,D_06,0.00010877912164565702,0.0001536443302508802,0.12203186059771069
106,coarse,D_07,D_09,9.520115671142027e-06,4.545324327775286e-05,0.010679966990717726
107,fine,D_01,D_03,0.0010139332785136254,0.0004690816601020581,0.8882913689285831
107,mid,D_04,D_06,0.0001155912229805608,0.00015838213542074183,0.10126769470280447
107,coarse,D_07,D_09,1.1917725662187034e-05,5.085579605769746e-05,0.010440936368612505
108,fine,D_01,D_03,0.0011389161900419262,0.0004971525233965078,0.8997482062816269
108,mid,D_04,D_06,0.00011283154409211299,0.00015648006957043307,0.0891373573371784
108,coarse,D_07,D_09,1.4068837758562385e-05,5.525516441141463e-05,0.011114436381194777
109,fine,D_01,D_03,0.0009716637807616847,0.0004591998864934245,0.8808597333580584
109,mid,D_04,D_06,0.00012292215186098058,0.00016332732228853188,0.11143481526828543
109,coarse,D_07,D_09,8.499773267713436e-06,4.2948444110355285e-05,0.007705451373656108
110,fine,D_01,D_03,0.0010557902192438913,0.0004786660018519902,0.8736853398506388
110,mid,D_04,D_06,0.00013416636976594076,0.0001706340108566034,0.11102507697924067
110,coarse,D_07,D_09,1.847643726068356e-05,6.332174589153799e-05,0.015289583170120585
111,fine,D_01,D_03,0.0009430476072144559,0.00045238747622913973,0.8693205070220252
111,mid,D_04,D_06,0.00011950857624730822,0.0001610435372407184,0.11016544159807694
111,coarse,D_07,D_09,2.225384873797397e-05,6.949384330552473e-05,0.020514051379897758
112,fine,D_01,D_03,0.0009227219812669803,0.00044748573778167263,0.8770502658679694
112,mid,D_04,D_06,0.00011940504382756698,0.00016097376467601336,0.11349488530786747
112,coarse,D_07,D_09,9.947202776316986e-06,4.6461609507795805e-05,0.00945484882416295
113,fine,D_01,D_03,0.000746316376232444,0.0004024438086834804,0.8775043088110597
113,mid,D_04,D_06,9.044115405580157e-05,0.0001400963474086623,0.10633895343212042
113,coarse,D_07,D_09,1.374128634279343e-05,5.460814946127894e-05,0.016156737756819993
114,fine,D_01,D_03,0.0005085399218241194,0.000332205096424338,0.8733172981490579
114,mid,D_04,D_06,6.829109968299508e-05,0.0001217379033773193,0.11727653248707563
114,coarse,D_07,D_09,5.477290605720496e-06,3.447677674786294e-05,0.009406169363866389
115,fine,D_01,D_03,0.0005100128992216717,0.0003326858618029807,0.879144613934541
115,mid,D_04,D_06,5.9296916560435916e-05,0.00011343832889239931,0.10221420849666613
115,coarse,D_07,D_09,1.0814194691152335e-05,4.8444096081241364e-05,0.01864117756879294
116,fine,D_01,D_03,0.00046425356923684194,0.0003174105740057097,0.8835733926976274
116,mid,D_04,D_06,5.562679629197698e-05,0.00010987168602397957,0.10586963758921049
116,coarse,D_07,D_09,5.546919939154365e-06,3.4695225425859503e-05,0.010556969713162088
117,fine,D_01,D_03,0.0004721276442922409,0.00032009101227589823,0.8913560537651152
117,mid,D_04,D_06,5.278132093026284e-05,0.00010702466872534036,0.09964879308737896
117,coarse,D_07,D_09,4.7644938828215274e-06,3.215526933643103e-05,0.008995153147505755
118,fine,D_01,D_03,0.00047786548478518525,0.0003220301961291941,0.8986622099396089
118,mid,D_04,D_06,4.892844400879112e-05,0.00010304441717837031,0.09201364195954126
118,coarse,D_07,D_09,4.958134995707575e-06,3.28021974424671e-05,0.009324148100849859
119,fine,D_01,D_03,0.0003491009974359507,0.0002752449183337736,0.8961755886751401
119,mid,D_04,D_06,3.694703148676009e-05,8.954339163691553e-05,0.09484655711566971
119,coarse,D_07,D_09,3.497281000363155e-06,2.7549202355531674e-05,0.00897785420919016
120,fine,D_01,D_03,0.0002879523290875787,0.0002499793086435527,0.8775604874437479
120,mid,D_04,D_06,3.5435742978531e-05,8.76929209767707e-05,0.10799359734198605
120,coarse,D_07,D_09,4.7401119253517276e-06,3.207288765747757e-05,0.014445915214266004
121,fine,D_01,D_03,0.00027100183055208093,0.00024251012585893147,0.8871260122589275
121,mid,D_04,D_06,3.083168957225832e-05,8.179795141133291e-05,0.10092770873806431
121,coarse,D_07,D_09,3.6493840033586725e-06,2.8141908510578444e-05,0.01194627900300816
122,fine,D_01,D_03,0.0002703407868347925,0.00024221417274036724,0.8830923343072853
122,mid,D_04,D_06,3.1597435913193104e-05,8.28075023560032e-05,0.10321584754341408
122,coarse,D_07,D_09,4.191472112125596e-06,3.0159702638151133e-05,0.013691818149300832
123,fine,D_01,D_03,0.00026155339799761743,0.00023824508400293654,0.8902986638820739
123,mid,D_04,D_06,2.8232622269277098e-05,7.8274332652453e-05,0.09610070477636713
123,coarse,D_07,D_09,3.995615726060243e-06,2.944663150884893e-05,0.013600631341558948
124,fine,D_01,D_03,0.00025780644341235703,0.00023653240552940917,0.8891177266615605
124,mid,D_04,D_06,2.752876119129674e-05,7.729245449859144e-05,0.09494064323700904
124,coarse,D_07,D_09,4.622396827107217e-06,3.167213777815129e-05,0.015941630101430536
125,fine,D_01,D_03,0.0002690054055363341,0.0002416152089326591,0.8956396912320178
125,mid,D_04,D_06,2.6632158097815372e-05,7.602333982607333e-05,0.08867040351108439
125,coarse,D_07,D_09,4.712463469157616e-06,3.197921236817315e-05,0.015689905256897937
126,fine,D_01,D_03,0.00026557059103901636,0.00024006771281431756,0.8938754673055075
126,mid,D_04,D_06,2.8292951071413115e-05,7.835791817136553e-05,0.09523032938799957
126,coarse,D_07,D_09,3.2366701143792646e-06,2.650287472278977e-05,0.010894203306492937
127,fine,D_01,D_03,0.0002439408341319541,0.00023008378707282866,0.9051061798924798
127,mid,D_04,D_06,2.2946550297155212e-05,7.056713198487056e-05,0.0851397616765312
127,coarse,D_07,D_09,2.6288773656478306e-06,2.3885202543231935e-05,0.009754058430989154
128,fine,D_01,D_03,0.00028707925467312816,0.00024960005103352695,0.882544945585019
128,mid,D_04,D_06,3.547280640197135e-05,8.773876946421392e-05,0.10905123057889186
128,coarse,D_07,D_09,2.733643759830848e-06,2.435649119142033e-05,0.00840382383608915
129,fine,D_01,D_03,0.00031081797696201955,0.00025971487812042064,0.8786292300164427
129,mid,D_04,D_06,3.8502059295076565e-05,9.140832356987606e-05,0.10883873269857325
129,coarse,D_07,D_09,4.433249365103036e-06,3.10173610279019e-05,0.012532037284984119
130,fine,D_01,D_03,0.00030997568032932764,0.00025936273411815826,0.8832742514863057
130,mid,D_04,D_06,3.775784524408725e-05,9.052058789294408e-05,0.10759080344714239
130,coarse,D_07,D_09,3.2058115664649594e-06,2.6376232389853207e-05,0.009134945066551957
131,fine,D_01,D_03,0.000317634972063698,0.0002625475205265833,0.8860069955808583
131,mid,D_04,D_06,3.8138505924995806e-05,9.097574120168118e-05,0.10638306868732297
131,coarse,D_07,D_09,2.728174535459587e-06,2.4332113872570194e-05,0.007609935731818645
132,fine,D_01,D_03,0.00027922569281946567,0.00024616225030748835,0.8762973099216029
132,mid,D_04,D_06,3.463920470745376e-05,8.670172156066365e-05,0.10870862776439091
132,coarse,D_07,D_09,4.777747678103852e-06,3.2199962791207946e-05,0.014994062314006086
133,fine,D_01,D_03,0.00023812061640613436,0.00022732241638455847,0.868480910058112
133,mid,D_04,D_06,3.151303308195102e-05,8.269683101424382e-05,0.11493531329947941
133,coarse,D_07,D_09,4.5469498185835165e-06,3.1412597197835085e-05,0.01658377664240856
134,fine,D_01,D_03,0.00027953758347202715,0.00024629969159515203,0.8749036899678829
134,mid,D_04,D_06,3.638153454833935e-05,8.885549108569818e-05,0.11386783282478122
134,coarse,D_07,D_09,3.5875736045010896e-06,2.7902567974792393e-05,0.011228477207335786
135,fine,D_01,D_03,0.0002611350809047226,0.0002380544883686264,0.869055390778968
135,mid,D_04,D_06,3.545662718043402e-05,8.771875826360897e-05,0.1179993621815942
135,coarse,D_07,D_09,3.889807449379248e-06,2.9054126068749004e-05,0.012945247039437847
136,fine,D_01,D_03,0.00026516199951212284,0.00023988296458831633,0.8796039242346126
136,mid,D_04,D_06,3.2807583914528315e-05,8.43783228699193e-05,0.10883037391847744
136,coarse,D_07,D_09,3.486551779718651e-06,2.7506911141188157e-05,0.011565701846909965
137,fine,D_01,D_03,0.00023013273030028907,0.00022347706540735578,0.8809942931206378
137,mid,D_04,D_06,2.850963328929318e-05,7.865739883129647e-05,0.10914059983582396
137,coarse,D_07,D_09,2.576956555067246e-06,2.364815771921477e-05,0.009865107043538216
138,fine,D_01,D_03,0.0002450478065700921,0.00023060524163051434,0.878318907258146
138,mid,D_04,D_06,3.02815115287031e-05,8.106484181368383e-05,0.10853728702283998
138,coarse,D_07,D_09,3.6670743790343628e-06,2.8210034949270348e-05,0.013143805719013971
139,fine,D_01,D_03,0.0002353228244230076,0.00022598301102594878,0.8800750606623556
139,mid,D_04,D_06,2.880411104477366e-05,7.906258377901476e-05,0.10772342137746307
139,coarse,D_07,D_09,3.2625577032906364e-06,2.6608651505018113e-05,0.012201517960181403
140,fine,D_01,D_03,0.00015618622712978031,0.00018410480857467278,0.8753666303624418
140,mid,D_04,D_06,2.0626359034565288e-05,6.690445715876844e-05,0.11560319201340528
140,coarse,D_07,D_09,1.6111984676000796e-06,1.869899583468887e-05,0.009030177624152943
141,fine,D_01,D_03,0.00011911703635783018,0.00016077951142148646,0.8777926614212529
141,mid,D_04,D_06,1.3841816753647611e-05,5.480754038448034e-05,0.10200258114708312
141,coarse,D_07,D_09,2.7417987542660557e-06,2.4392794227271047e-05,0.02020475743166414
142,fine,D_01,D_03,0.0001079191510608609,0.0001530357953463989,0.8769369353060591
142,mid,D_04,D_06,1.2223332740045404e-05,5.15037180512255e-05,0.09932520638747991
142,coarse,D_07,D_09,2.921269949180774e-06,2.517848589899652e-05,0.023737858306460986
143,fine,D_01,D_03,0.00021995712297603214,0.00021848054981128253,0.8856376223983583
143,mid,D_04,D_06,2.5708713611014168e-05,7.469369397115726e-05,0.10351382891955677
143,coarse,D_07,D_09,2.694347548283694e-06,2.4180794847797866e-05,0.010848548682084886
144,fine,D_01,D_03,0.00023003910071101453,0.00022343159991773776,0.8671130780345082
144,mid,D_04,D_06,3.163565125729881e-05,8.285756276212258e-05,0.11924793155839863
144,coarse,D_07,D_09,3.618329797268974e-06,2.8021916790039276e-05,0.013638990407093219
145,fine,D_01,D_03,0.00024041937433864753,0.0002284170383081425,0.8887099956796944
145,mid,D_04,D_06,2.7624431967939678e-05,7.742664534712279e-05,0.1021136873116604
145,coarse,D_07,D_09,2.4824345452132003e-06,2.3210402292266217e-05,0.009176317008645112
146,fine,D_01,D_03,0.00024052076973643617,0.0002284651999737662,0.8895683300538496
146,mid,D_04,D_06,2.741536198597594e-05,7.71330948417944e-05,0.10139597427037474
146,coarse,D_07,D_09,2.4430641307904745e-06,2.302561286541129e-05,0.00903569567577563
147,fine,D_01,D_03,0.00015683037158380596,0.0001844840611903674,0.8845805573160023
147,mid,D_04,D_06,1.8595757478008412e-05,6.352588171082116e-05,0.10488686182076508
147,coarse,D_07,D_09,1.8673579888859892e-06,2.013063881539488e-05,0.010532580863232633
148,fine,D_01,D_03,0.00018665431232837865,0.00020126246097139608,0.8771500036051951
148,mid,D_04,D_06,2.2865594762969915e-05,7.044254141688467e-05,0.10745295020823703
148,coarse,D_07,D_09,3.276435109194444e-06,2.6665181880841872e-05,0.015397046186567783
149,fine,D_01,D_03,0.00018463695859030838,0.00020017188717774424,0.8739636997618491
149,mid,D_04,D_06,2.2345708728710925e-05,6.96371248056376e-05,0.10577155529125978
149,coarse,D_07,D_09,4.281208561204417e-06,3.0480841835674015e-05,0.020264744946891216
150,fine,D_01,D_03,0.0001805855628443818,0.00019796357056299055,0.8748452148735611
150,mid,D_04,D_06,2.252156627562069e-05,6.991060492758803e-05,0.1091055352230086
150,coarse,D_07,D_09,3.312886414381296e-06,2.6813100608323016e-05,0.01604924990343033
151,fine,D_01,D_03,0.00010712182234020481,0.00015246941742825837,0.8894248772225626
151,mid,D_04,D_06,1.2291571430344825e-05,5.164728179347576e-05,0.10205604396447669
151,coarse,D_07,D_09,1.0260329685784381e-06,1.4921910220860398e-05,0.008519078812960698
152,fine,D_01,D_03,0.00016885904932245057,0.00019142820839036678,0.8712719897191412
152,mid,D_04,D_06,2.199437737180198e-05,6.908751961928092e-05,0.11348568532308885
152,coarse,D_07,D_09,2.9540769497968055e-06,2.5319473275572533e-05,0.015242324957770063
153,fine,D_01,D_03,0.00016742645175749733,0.00019061444173714236,0.8564389595675727
153,mid,D_04,D_06,2.523139380824841e-05,7.399704651143193e-05,0.12906651508612832
153,coarse,D_07,D_09,2.833555061373276e-06,2.4797596723259472e-05,0.014494525346299037
154,fine,D_01,D_03,0.00016220637903978358,0.0001876193943013584,0.8464595127202267
154,mid,D_04,D_06,2.6899606106359707e-05,7.640411069255648e-05,0.1403731937790851
154,coarse,D_07,D_09,2.5232382274693017e-06,2.340037906394296e-05,0.013167293500688227
155,fine,D_01,D_03,0.00019163319935162448,0.00020392907058954527,0.8775707384513115
155,mid,D_04,D_06,2.4577525278224626e-05,7.303194054584951e-05,0.11255104585579484
155,coarse,D_07,D_09,2.1570843171631803e-06,2.1636017570912055e-05,0.009878215692893655
156,fine,D_01,D_03,0.00018862704808056077,0.00020232322964403745,0.8671725952115187
156,mid,D_04,D_06,2.702623982122182e-05,7.658374113117677e-05,0.12424736941527258
156,coarse,D_07,D_09,1.8663259814851404e-06,2.0125075383124972e-05,0.008580035373208722
157,fine,D_01,D_03,0.00019279828905186124,0.00020454805420308574,0.8794090996163246
157,mid,D_04,D_06,2.3818284083593744e-05,7.18950516770174e-05,0.10864212469605836
157,coarse,D_07,D_09,2.6196039020315954e-06,2.3843037351151057e-05,0.011948775687616904
158,fine,D_01,D_03,0.0002109583614868626,0.00021396470367771424,0.868158162537789
158,mid,D_04,D_06,2.8138108155611017e-05,7.814320365089537e-05,0.11579691888717152
158,coarse,D_07,D_09,3.898839956634194e-06,2.908783974695566e-05,0.01604491857503948
159,fine,D_01,D_03,0.00018250300435872162,0.00019901177530435736,0.8785260996248985
159,mid,D_04,D_06,2.340194351799809e-05,7.1263923344136e-05,0.11265139571126483
159,coarse,D_07,D_09,1.8327669579839532e-06,1.994331679984943e-05,0.008822504663836708
160,fine,D_01,D_03,0.00029213753363045914,0.00025178940061796587,0.8603332457913758
160,mid,D_04,D_06,4.1575706359303074e-05,9.498687130511705e-05,0.12243877722132922
160,coarse,D_07,D_09,5.849987468380485e-06,3.563044387128113e-05,0.017227976987294957
161,fine,D_01,D_03,0.00033720708445157937,0.00027051547230744715,0.8840992349635003
161,mid,D_04,D_06,3.843566200781645e-05,9.132947215622768e-05,0.10077172438915835
161,coarse,D_07,D_09,5.77041522657812e-06,3.538728936812449e-05,0.015129040647341462
162,fine,D_01,D_03,0.00035869783946879986,0.0002790025323884474,0.8702940865365624
162,mid,D_04,D_06,4.721748885676592e-05,0.0001012267300685671,0.11456188694641901
162,coarse,D_07,D_09,6.241717227024471e-06,3.6804066742431496e-05,0.015144026517018601
163,fine,D_01,D_03,0.0004552532091481699,0.0003143187384588947,0.8663955027489656
163,mid,D_04,D_06,6.0079025927348815e-05,0.0001141839877441244,0.11433680603897124
163,coarse,D_07,D_09,1.012433493633835e-05,4.6873460475501774e-05,0.01926769121206324
164,fine,D_01,D_03,0.000483461282882404,0.0003239101929941719,0.892070705749079
164,mid,D_04,D_06,5.3114700796459085e-05,0.00010736213381359999,0.09800592167930339
164,coarse,D_07,D_09,5.378011409942846e-06,3.4162891718361805e-05,0.00992337257161762
165,fine,D_01,D_03,0.00032416012294909187,0.00026523055801299137,0.873992954762424
165,mid,D_04,D_06,4.040765591055534e-05,9.364305927314481e-05,0.10894617839787726
165,coarse,D_07,D_09,6.327800083786909e-06,3.705698995188403e-05,0.017060866839698763
166,fine,D_01,D_03,0.0005605882980363744,0.00034879140846998666,0.8866943136423134
166,mid,D_04,D_06,6.423197415149889e-05,0.00011806451838561559,0.10159706585680209
166,coarse,D_07,D_09,7.402455996342837e-06,4.008036630440438e-05,0.011708620500884493
167,fine,D_01,D_03,0.0005627640149826145,0.0003494676056776967,0.9011699795199296
167,mid,D_04,D_06,5.66273473498026e-05,0.00011085540521707805,0.0906789774983499
167,coarse,D_07,D_09,5.090175859089954e-06,3.3236107749094984e-05,0.008151042981720577
168,fine,D_01,D_03,0.0005718180982123182,0.0003522676102483789,0.8927847841199802
168,mid,D_04,D_06,6.314849548322866e-05,0.00011706451461607778,0.09859431886425266
168,coarse,D_07,D_09,5.5215826077270955e-06,3.461589395818212e-05,0.008620897015767239
169,fine,D_01,D_03,0.00045166424190257263,0.000313077328478651,0.8915335676734031
169,mid,D_04,D_06,5.1294666387035736e-05,0.00010550665870886442,0.10124980612593072
169,coarse,D_07,D_09,3.6560507873240476e-06,2.8167601945009015e-05,0.007216626200666244
170,fine,D_01,D_03,0.00040302472615383296,0.0002957396881397943,0.8854946644765047
170,mid,D_04,D_06,4.801671213095772e-05,0.00010207983851474993,0.10549859509472916
170,coarse,D_07,D_09,4.09933480173828e-06,2.9826374020031105e-05,0.00900674042876606
171,fine,D_01,D_03,0.0004616693513456018,0.00031652592518831665,0.888691307662758
171,mid,D_04,D_06,5.1599965055382306e-05,0.00010582017332814799,0.09932745218361391
171,coarse,D_07,D_09,6.224176294228429e-06,3.675231561059173e-05,0.011981240153628182
172,fine,D_01,D_03,0.0011824850768539469,0.000506572487489354,0.8760595514108994
172,mid,D_04,D_06,0.00014867909695271943,0.00017962580278511713,0.11015085562611703
172,coarse,D_07,D_09,1.8612876109115564e-05,6.355511488343215e-05,0.013789592962983701
173,fine,D_01,D_03,0.0011963279860128925,0.0005095289870373128,0.8872514572860912
173,mid,D_04,D_06,0.00013230418999044864,0.0001694457045372401,0.09812282814289726
173,coarse,D_07,D_09,1.9720623181907666e-05,6.541902726285493e-05,0.014625714571011372
174,fine,D_01,D_03,0.0013141441655029474,0.0005340295271953024,0.8827002649353732
174,mid,D_04,D_06,0.00015614044385883928,0.0001840778230386375,0.10487830390250671
174,coarse,D_07,D_09,1.849274542824753e-05,6.33496850948465e-05,0.012421431162120009
175,fine,D_01,D_03,0.0004401659382214941,0.00030906653330613595,0.8835412487032621
175,mid,D_04,D_06,5.123808055658791e-05,0.0001054484476926394,0.1028497522071901
175,coarse,D_07,D_09,6.779782903512278e-06,3.835762054290649e-05,0.0136089990895478
176,fine,D_01,D_03,0.00036856467005154007,0.0002828138121714265,0.8952862115212241
176,mid,D_04,D_06,3.745464119839737e-05,9.015640489395197e-05,0.09098165545197465
176,coarse,D_07,D_09,5.653140876063725e-06,3.502584882556494e-05,0.013732133026801268
177,fine,D_01,D_03,0.00036065249827523443,0.0002797616864193557,0.8768920846674539
177,mid,D_04,D_06,4.511158722092386e-05,9.894362524570741e-05,0.10968451334731819
177,coarse,D_07,D_09,5.520842924658265e-06,3.4613575270763306e-05,0.013423401985227805
178,fine,D_01,D_03,0.00035869529488467876,0.00027900154277184724,0.8833991039337936
178,mid,D_04,D_06,4.281646832067592e-05,9.639381877878786e-05,0.10544891524226786
178,coarse,D_07,D_09,4.5281493182164985e-06,3.134758831259166e-05,0.011151980823938416
179,fine,D_01,D_03,0.0003570880439662391,0.00027837576240908636,0.8914614834816913
179,mid,D_04,D_06,3.855983979732558e-05,9.147688664001509e-05,0.09626368781977526
179,coarse,D_07,D_09,4.9168636572619704e-06,3.266538999306246e-05,0.012274828698533462
180,fine,D_01,D_03,0.00030504905232802353,0.0002572933756387338,0.8799244021438101
180,mid,D_04,D_06,3.799181005594941e-05,9.080060818171637e-05,0.10958867268958047
180,coarse,D_07,D_09,3.635569801354679e-06,2.8088594498817206e-05,0.010486925166609427
181,fine,D_01,D_03,0.0002668318521592918,0.00024063710835304055,0.8699004537709839
181,mid,D_04,D_06,3.549327044511865e-05,8.776407379264174e-05,0.11571186804037555
181,coarse,D_07,D_09,4.413253036832539e-06,3.0947329516029785e-05,0.014387678188640538
182,fine,D_01,D_03,0.00027166507711845836,0.00024280670266855597,0.8376376413556871
182,mid,D_04,D_06,4.774166130796225e-05,0.00010178705017072205,0.147204097768393
182,coarse,D_07,D_09,4.916171273265262e-06,3.2663089971022876e-05,0.015158260875919934
183,fine,D_01,D_03,0.0003690468058400282,0.00028299873236000057,0.8566242195274976
183,mid,D_04,D_06,5.6197828782761506e-05,0.00011043418570016718,0.13044529977869684
183,coarse,D_07,D_09,5.570648703648879e-06,3.4769356318642e-05,0.01293048069380554
184,fine,D_01,D_03,0.0003925562042972965,0.00029187351456070394,0.8698094351129927
184,mid,D_04,D_06,5.3207987632269276e-05,0.0001074563740130415,0.11789600867159691
184,coarse,D_07,D_09,5.5486916175084556e-06,3.4700765786372624e-05,0.012294556215410365
185,fine,D_01,D_03,0.00038256904249681534,0.00028813676558317317,0.856346877876699
185,mid,D_04,D_06,5.75478988829982e-05,0.00011175282248777426,0.12881586867350805
185,coarse,D_07,D_09,6.628474969914168e-06,3.792718194941109e-05,0.014837253449792911
186,fine,D_01,D_03,0.00037282709735469635,0.00028444447310520737,0.8497665828266356
186,mid,D_04,D_06,5.811449148040719e-05,0.00011230161083868461,0.1324575203583742
186,coarse,D_07,D_09,7.799007570248767e-06,4.113991932774747e-05,0.01777589681499012
187,fine,D_01,D_03,0.00024182670933698308,0.00022908460146946078,0.8610160390980579
187,mid,D_04,D_06,3.385775947156864e-05,8.571816640590092e-05,0.1205494382025505
187,coarse,D_07,D_09,5.1775573974924e-06,3.352017102843093e-05,0.01843452269939146
188,fine,D_01,D_03,0.00022647967152787435,0.00022169626580649068,0.8476784725041957
188,mid,D_04,D_06,3.52973675128337e-05,8.752153444438899e-05,0.13211260143061246
188,coarse,D_07,D_09,5.399347849019568e-06,3.423059266474353e-05,0.020208926065191733
189,fine,D_01,D_03,0.00020817646337668727,0.00021254925051034703,0.8651346911400623
189,mid,D_04,D_06,2.944196283473349e-05,7.993318992313299e-05,0.12235419417945959
189,coarse,D_07,D_09,3.0105365485343065e-06,2.5560286462392455e-05,0.01251111468047816
190,fine,D_01,D_03,0.0002547692916401892,0.00023513501387140316,0.896932462857202
190,mid,D_04,D_06,2.5903001639026093e-05,7.497540343059392e-05,0.09119326315158159
190,coarse,D_07,D_09,3.3728296151160017e-06,2.705459057786567e-05,0.011874273991216319
191,fine,D_01,D_03,0.00023883226899690043,0.00022766185338605712,0.8880252718775279
191,mid,D_04,D_06,2.7095142599791984e-05,7.668130323344705e-05,0.1007450604342453
191,coarse,D_07,D_09,3.0201922163655096e-06,2.5601243291399574e-05,0.011229667688226763
192,fine,D_01,D_03,0.0002471690631768895,0.00023160120814244526,0.9025829331779243
192,mid,D_04,D_06,2.3822559565018446e-05,7.190150411842474e-05,0.08699242296602516
192,coarse,D_07,D_09,2.854750916661525e-06,2.4890170715240945e-05,0.010424643856050533
193,fine,D_01,D_03,0.00022240649824258415,0.00021969364828729806,0.8830672845260131
193,mid,D_04,D_06,2.6755764637034225e-05,7.619955730894115e-05,0.10623403816947942
193,coarse,D_07,D_09,2.694534603215508e-06,2.4181634208412726e-05,0.010698677304507387
194,fine,D_01,D_03,0.00021599754684118803,0.00021650512148784415,0.886918308913294
194,mid,D_04,D_06,2.425127157209261e-05,7.25455908678148e-05,0.09957935673932358
194,coarse,D_07,D_09,3.2883198670659285e-06,2.6713500000235297e-05,0.013502334347382352
195,fine,D_01,D_03,0.0001930417569262423,0.0002046771662606932,0.8953538696168208
195,mid,D_04,D_06,1.9952931508211567e-05,6.580321619290835e-05,0.09254440448810501
195,coarse,D_07,D_09,2.6091789044534e-06,2.3795547080541833e-05,0.012101725895074215
196,fine,D_01,D_03,0.00016333891893960552,0.00018827324293693669,0.8881167600533789
196,mid,D_04,D_06,1.897885741901849e-05,6.417690904966476e-05,0.10319305080454233
196,coarse,D_07,D_09,1.5982651872964385e-06,1.862379509581569e-05,0.00869018914207862
197,fine,D_01,D_03,0.00016098134600323337,0.0001869095715439139,0.884386547036488
197,mid,D_04,D_06,1.881683000153616e-05,6.39023744096765e-05,0.10337440780807554
197,coarse,D_07,D_09,2.227824438893494e-06,2.19879249872739e-05,0.012239045155436489
198,fine,D_01,D_03,0.00013210029713040506,0.00016931508852918847,0.8979648449603128
198,mid,D_04,D_06,1.352340129065988e-05,5.417347972108788e-05,0.09192665881224925
198,coarse,D_07,D_09,1.4870686337894796e-06,1.79642574926809e-05,0.010108496227437817
