event_id,event_timestamp_utc,mean_pre_event_rms_16,trigger_rms_16,pre_event_rms_observation_count,is_overlapping,overlap_cluster_id
0,2016-02-05 14:00:00+00:00,0.0003251326242305365,0.0011753916672704707,1425,False,
1,2016-03-04 13:30:00+00:00,0.00027534804085414,0.0013810846848097567,1425,True,0.0
2,2016-03-10 12:45:00+00:00,0.00028496647519823525,0.0022818317900060643,1425,True,0.0
3,2016-03-16 19:00:00+00:00,0.00035997745351620776,0.0012966478591807027,1425,True,0.0
4,2016-03-29 17:20:00+00:00,0.00020099494551203487,0.0013206097655785267,1425,True,0.0
5,2016-04-21 13:40:00+00:00,0.00023212827830671975,0.001339545112541074,1425,False,
6,2016-06-02 13:40:00+00:00,0.00020813702065825134,0.0009536624245786598,1425,True,1.0
7,2016-06-03 13:30:00+00:00,0.00021711315132585192,0.002266626939407668,1425,True,1.0
8,2016-06-16 17:40:00+00:00,0.0002591776175397739,0.0012507177644881357,1425,True,1.0
9,2016-06-24 00:15:00+00:00,0.0003323406839134402,0.0015160086321615827,1425,True,1.0
10,2016-07-08 14:15:00+00:00,0.0002886844600761742,0.0018708021274351943,1425,True,1.0
11,2016-07-27 20:00:00+00:00,0.00021743283109638075,0.0009938704287436354,1425,True,1.0
12,2016-08-05 13:30:00+00:00,0.00017693076232586997,0.0012003654988982195,1425,True,1.0
13,2016-08-12 13:35:00+00:00,0.00017695081170327368,0.0008519631433445355,1425,True,1.0
14,2016-08-16 14:00:00+00:00,0.00018964667307818856,0.0007666572485111245,1425,True,1.0
15,2016-08-17 19:15:00+00:00,0.00019926551377741854,0.000739579197268056,1425,True,1.0
16,2016-08-26 15:10:00+00:00,0.00017885602655266975,0.0009170331595255784,1425,True,1.0
17,2016-09-01 15:20:00+00:00,0.0001988775694093752,0.0008325564578289303,1425,True,1.0
18,2016-09-02 13:30:00+00:00,0.00020994023259871794,0.0016978366020846195,1425,True,1.0
19,2016-09-06 15:00:00+00:00,0.0002029337222251481,0.0011038468405854156,1425,True,1.0
20,2016-09-21 19:20:00+00:00,0.00018711928097787643,0.0008078918593098861,1425,True,1.0
21,2016-10-04 16:35:00+00:00,0.00020066320738395703,0.0009193922703111392,1425,True,1.0
22,2016-10-07 14:20:00+00:00,0.0002193399496685716,0.0009157164311602539,1425,True,1.0
23,2016-10-20 13:40:00+00:00,0.00020514745362518056,0.0012282252698111473,1425,True,1.0
24,2016-11-09 00:55:00+00:00,0.00022144140368120628,0.0009095144168104387,1425,True,1.0
25,2016-12-08 13:30:00+00:00,0.00033564401658200206,0.0015696393268555262,1425,True,2.0
26,2016-12-14 19:00:00+00:00,0.0003085811694085151,0.0013168982756026418,1425,True,2.0
27,2016-12-29 23:35:00+00:00,0.00022751544886160166,0.0017545442098250835,1425,True,2.0
28,2017-01-11 17:15:00+00:00,0.0003495856188132036,0.0013858576347246495,1425,True,2.0
29,2017-02-22 15:35:00+00:00,0.00022363249702467674,0.0010051707402772068,1425,True,3.0
30,2017-03-09 14:35:00+00:00,0.00021726848959943912,0.000948292575081976,1425,True,3.0
31,2017-03-15 19:00:00+00:00,0.00021870620838922554,0.0011878527260669844,1425,True,3.0
32,2017-04-12 20:15:00+00:00,0.00018969249842741177,0.0007942468240097687,1425,True,4.0
33,2017-04-27 14:00:00+00:00,0.0002609148341362539,0.0010652897123129062,1425,True,4.0
34,2017-05-30 12:40:00+00:00,0.00021927034726069357,0.0009699801952410144,1425,True,5.0
35,2017-06-02 13:30:00+00:00,0.00020645643813416156,0.0010614152229940247,1425,True,5.0
36,2017-06-07 11:10:00+00:00,0.0001972419368329215,0.0009017566278296968,1425,True,5.0
37,2017-06-14 13:30:00+00:00,0.00021040073807527239,0.0010401491862017669,1425,True,5.0
38,2017-06-14 19:35:00+00:00,0.00021722621681573442,0.0008446403229050348,1425,True,5.0
39,2017-06-28 13:15:00+00:00,0.00019541591492143565,0.0018553208373673074,1425,True,5.0
40,2017-07-07 13:55:00+00:00,0.00018661936269586624,0.0008571101709477546,1425,True,5.0
41,2017-07-26 19:00:00+00:00,0.0002232139960392497,0.0009098879096214272,1425,True,5.0
42,2017-08-04 14:20:00+00:00,0.00024369388226190116,0.0009439014555765703,1425,True,5.0
43,2017-08-11 13:30:00+00:00,0.00024821287806348535,0.0008567228783190451,1425,True,5.0
44,2017-08-16 09:40:00+00:00,0.0002529482390214902,0.0008956242701459265,1425,True,5.0
45,2017-08-25 15:00:00+00:00,0.00018795540283080602,0.00107190312262969,1425,True,5.0
46,2017-09-01 13:30:00+00:00,0.000270989849804918,0.0012279454640742758,1425,True,5.0
47,2017-09-07 14:05:00+00:00,0.00025510140860638455,0.001218349613670446,1425,True,5.0
48,2017-09-14 14:15:00+00:00,0.0002501663882631273,0.0011248583720973654,1425,True,5.0
49,2017-09-20 19:00:00+00:00,0.00024387441383088638,0.0013175354947440332,1425,True,5.0
50,2017-10-13 13:30:00+00:00,0.00019289470757164433,0.0010752419487076083,1425,True,6.0
51,2017-10-26 12:45:00+00:00,0.00019447670545863672,0.0010040789621364517,1425,True,6.0
52,2017-10-27 15:55:00+00:00,0.0002194428378802252,0.000861518315180401,1425,True,6.0
53,2018-01-10 10:45:00+00:00,0.00020023536482847204,0.000688215457709863,1425,True,7.0
54,2018-01-11 12:30:00+00:00,0.00021585883264141275,0.0011323182881225358,1425,True,7.0
55,2018-01-12 08:35:00+00:00,0.0002351062663581614,0.0007860027433905154,1425,True,7.0
56,2018-01-16 07:05:00+00:00,0.00028193843054354415,0.0007644078534825902,1425,True,7.0
57,2018-01-25 14:00:00+00:00,0.0002846019510043344,0.0010294087700547807,1425,True,7.0
58,2018-02-14 13:30:00+00:00,0.00028721453328563065,0.0010451082460816953,1425,True,7.0
59,2018-03-08 12:45:00+00:00,0.0002730582852278409,0.0009442035908658426,1425,True,7.0
60,2018-05-02 19:35:00+00:00,0.00023958383473632718,0.0012105384943635132,1425,False,
61,2018-08-10 06:30:00+00:00,0.00019189211845876663,0.0009356625924401353,1425,False,
62,2018-11-07 01:25:00+00:00,0.00022271421338323732,0.0010383080637146797,1425,True,8.0
63,2018-11-28 17:00:00+00:00,0.00020229402300533345,0.0011913856533679866,1425,True,8.0
64,2019-01-30 19:00:00+00:00,0.00019273790888704598,0.0011200894519478256,1425,True,9.0
65,2019-02-14 13:30:00+00:00,0.00016760290263590605,0.000725159603005492,1425,True,9.0
66,2019-03-20 18:00:00+00:00,0.00015059896453885224,0.0011322857645520634,1425,True,10.0
67,2019-03-22 08:30:00+00:00,0.00017371704743268158,0.001133197399963686,1425,True,10.0
68,2019-04-18 09:15:00+00:00,0.00015151285273329833,0.0008139103476686176,1425,True,11.0
69,2019-05-01 19:30:00+00:00,0.00015568028384932973,0.0008623640062834709,1425,True,11.0
70,2019-06-06 13:50:00+00:00,0.00018925459201040863,0.0008117635400649402,1425,True,12.0
71,2019-06-07 13:55:00+00:00,0.000202999949409892,0.0008412407556819894,1425,True,12.0
72,2019-07-25 14:00:00+00:00,0.00015293306880645962,0.0007334838316394777,1425,True,13.0
73,2019-07-31 19:35:00+00:00,0.00014742194828972337,0.000810556669537021,1425,True,13.0
74,2019-09-12 12:50:00+00:00,0.00014967471902839537,0.0009076911645434624,1425,False,
75,2019-12-12 22:00:00+00:00,0.0001301551728457086,0.0009416126775443986,1425,True,14.0
76,2019-12-13 15:05:00+00:00,0.00014790900600223625,0.0008377571319332229,1425,True,14.0
77,2020-01-23 14:15:00+00:00,0.00012000212265803333,0.000663795661496181,1425,False,
78,2020-02-21 14:45:00+00:00,0.00014572143339226787,0.0007184076654066054,1425,True,15.0
79,2020-03-03 15:15:00+00:00,0.0003098252672043263,0.0014340320287461392,1425,True,15.0
80,2020-03-09 02:15:00+00:00,0.0003656384271927166,0.0018454452539155366,1425,True,15.0
81,2020-08-27 15:20:00+00:00,0.00023535331859826633,0.0013255022243384772,1425,False,
82,2020-11-04 01:00:00+00:00,0.00021056888512730617,0.0009126779365137398,1425,False,
83,2021-05-07 13:30:00+00:00,0.00016994873080875884,0.0012534570062273586,1425,True,16.0
84,2021-05-12 13:50:00+00:00,0.00019652308994774374,0.0009966203642368394,1425,True,16.0
85,2021-06-04 13:30:00+00:00,0.0001606975910518791,0.000850235538791953,1425,True,17.0
86,2021-06-16 19:00:00+00:00,0.00014581948597038667,0.001296870500000278,1425,True,17.0
87,2021-08-18 19:00:00+00:00,0.00013422049370521094,0.0007324311795481622,1425,True,18.0
88,2021-08-27 15:05:00+00:00,0.00015055521618742275,0.0007007554267631263,1425,True,18.0
89,2021-09-03 13:35:00+00:00,0.00014068825219030803,0.00069577988590642,1425,True,18.0
90,2021-09-22 19:35:00+00:00,0.00014819337128041583,0.0008909359067181188,1425,True,18.0
91,2021-10-28 13:40:00+00:00,0.00015299760860337493,0.0007083518166861749,1425,True,19.0
92,2021-11-03 19:15:00+00:00,0.00018361012928775797,0.0006870403810840536,1425,True,19.0
93,2021-11-30 15:55:00+00:00,0.00020787752698766778,0.0011180613039011701,1425,True,20.0
94,2021-12-10 13:55:00+00:00,0.0001885326382918452,0.0009922155459844604,1425,True,20.0
95,2022-02-03 13:40:00+00:00,0.0002111998310687241,0.0009548344163851143,1425,True,21.0
96,2022-02-04 14:25:00+00:00,0.00023685522855656528,0.0008364820749528229,1425,True,21.0
97,2022-02-10 13:30:00+00:00,0.00023077021689653845,0.0010474998529021388,1425,True,21.0
98,2022-04-14 14:00:00+00:00,0.00025438308817026076,0.0011345299196568257,1425,True,22.0
99,2022-05-04 19:40:00+00:00,0.0003426491726125606,0.0014818144088840175,1425,True,22.0
100,2022-06-09 13:35:00+00:00,0.00023969517128248893,0.0013073769922172136,1425,True,23.0
101,2022-06-15 19:35:00+00:00,0.0003687170501992904,0.0014169993028655744,1425,True,23.0
102,2022-07-13 13:30:00+00:00,0.0003582112102289053,0.0016370340694885546,1425,True,24.0
103,2022-07-21 14:15:00+00:00,0.000382668859360872,0.001641339022300821,1425,True,24.0
104,2022-08-10 14:10:00+00:00,0.00028303396080275704,0.0017767611301771024,1425,True,24.0
105,2022-08-26 15:05:00+00:00,0.0003212597291588499,0.0015927196849916578,1425,True,24.0
106,2022-09-08 15:05:00+00:00,0.0003526744560987094,0.0015842586256510673,1425,True,24.0
107,2022-09-13 13:30:00+00:00,0.00037253737138430974,0.002147778437475972,1425,True,24.0
108,2022-09-26 01:55:00+00:00,0.00039358771073396526,0.00238879169997095,1425,True,24.0
109,2022-10-13 13:30:00+00:00,0.00039020815225041054,0.0024783695348343433,1425,True,24.0
110,2022-11-02 18:50:00+00:00,0.0003459406951043229,0.002093045212719861,1425,True,24.0
111,2022-11-10 13:30:00+00:00,0.000388098248354726,0.003190095259168758,1425,True,24.0
112,2022-11-15 14:10:00+00:00,0.0004555059209962194,0.0017975899565187158,1425,True,24.0
113,2022-12-02 13:30:00+00:00,0.0003943963643440046,0.0020619640016709974,1425,True,24.0
114,2022-12-13 13:40:00+00:00,0.00029760142163148286,0.0015772743818993347,1425,True,24.0
115,2023-01-06 15:25:00+00:00,0.0003206892548461576,0.001332874113117624,1425,True,25.0
116,2023-01-12 13:45:00+00:00,0.000290492867870553,0.0013024891988787542,1425,True,25.0
117,2023-02-01 19:40:00+00:00,0.0002340136510231023,0.0012109850905517776,1425,True,25.0
118,2023-02-03 13:30:00+00:00,0.0002755156167423508,0.0014689435153072072,1425,True,25.0
119,2023-02-14 14:35:00+00:00,0.0002680828398964633,0.0013533533415538896,1425,True,25.0
120,2023-04-12 13:30:00+00:00,0.0002025963751662084,0.0014420794566156361,1425,False,
121,2023-07-12 15:15:00+00:00,0.00020081334651915188,0.0009203500635343449,1425,True,26.0
122,2023-07-24 08:30:00+00:00,0.00020656900351222524,0.001059393561784652,1425,True,26.0
123,2023-08-23 08:30:00+00:00,0.00018561149462101325,0.0011131890465690293,1425,True,27.0
124,2023-08-25 15:10:00+00:00,0.0001982282019865756,0.0009113144257148591,1425,True,27.0
125,2023-08-29 15:00:00+00:00,0.00020876549993267354,0.001051267798677839,1425,True,27.0
126,2023-09-01 13:30:00+00:00,0.00022235577221935162,0.0008917512165120087,1425,True,27.0
127,2023-09-14 13:30:00+00:00,0.0001846518844305797,0.0009815404514139838,1425,True,27.0
128,2023-09-22 08:15:00+00:00,0.00018682303525805263,0.0009316101589973353,1425,True,27.0
129,2023-09-28 14:00:00+00:00,0.00021332401016236445,0.0008016225722092327,1425,True,27.0
130,2023-10-03 15:40:00+00:00,0.00023216143116427783,0.0008876118303959234,1425,True,27.0
131,2023-10-06 13:30:00+00:00,0.00022938917014620372,0.001271115250446021,1425,True,27.0
132,2023-10-19 17:50:00+00:00,0.00021582722473341458,0.0011065711002922218,1425,True,27.0
133,2023-11-14 13:30:00+00:00,0.0001913597924075555,0.0014896276870566992,1425,False,
134,2023-12-08 13:40:00+00:00,0.00022185376127449108,0.0008834678385624945,1425,True,28.0
135,2023-12-13 19:00:00+00:00,0.00020773503484263934,0.0011470837203049495,1425,True,28.0
136,2023-12-14 14:25:00+00:00,0.00023137172186177198,0.0008876163856983994,1425,True,28.0
137,2024-01-05 15:00:00+00:00,0.00021141631901956779,0.0010416038470487604,1425,True,28.0
138,2024-01-31 20:00:00+00:00,0.00019636421165025874,0.0011236350800393547,1425,True,29.0
139,2024-02-02 13:30:00+00:00,0.00020451627506268134,0.0014304799979968533,1425,True,29.0
140,2024-02-13 13:30:00+00:00,0.00015373766714489663,0.001448211849268214,1425,True,29.0
141,2024-03-08 14:05:00+00:00,0.00014738535654963326,0.0006393940328420036,1425,True,30.0
142,2024-03-20 18:30:00+00:00,0.00012493326322664754,0.0006321026000628203,1425,True,30.0
143,2024-04-05 13:30:00+00:00,0.0001459897419303686,0.0008216937076570869,1425,True,30.0
144,2024-04-10 13:30:00+00:00,0.00015084536162548881,0.001668788099101056,1425,True,30.0
145,2024-04-11 13:40:00+00:00,0.00017710134497189205,0.0006128572867806567,1425,True,30.0
146,2024-04-15 14:00:00+00:00,0.00019114489222764994,0.0006350348340363255,1425,True,30.0
147,2024-05-03 13:30:00+00:00,0.0001917879986600579,0.0011135524907340002,1425,True,30.0
148,2024-06-07 13:30:00+00:00,0.000144431632222319,0.001282164403995753,1425,True,31.0
149,2024-06-12 13:30:00+00:00,0.00016495565301321603,0.0011847159944181297,1425,True,31.0
150,2024-06-13 14:00:00+00:00,0.0001825118885614706,0.0006236740061778668,1425,True,31.0
151,2024-07-11 13:30:00+00:00,0.00012448762909987476,0.0009248472190848567,1425,True,32.0
152,2024-08-02 13:30:00+00:00,0.00015880448896370998,0.0006177822512320959,1425,True,32.0
153,2024-08-05 08:30:00+00:00,0.0001841658480719751,0.0006967803821983485,1425,True,32.0
154,2024-08-15 13:30:00+00:00,0.00014046879460428234,0.0008502194125268165,1425,True,32.0
155,2024-08-23 15:00:00+00:00,0.00016200084563648478,0.0008838563231409046,1425,True,32.0
156,2024-08-29 09:00:00+00:00,0.00017768871048762724,0.0008380119926744581,1425,True,32.0
157,2024-09-06 14:35:00+00:00,0.00016692642361574502,0.0008192304461800538,1425,True,32.0
158,2024-09-18 19:15:00+00:00,0.00015413470768617713,0.0008728844864195911,1425,True,32.0
159,2024-10-04 13:30:00+00:00,0.0001963047385336408,0.0012153151837351718,1425,True,32.0
160,2024-10-30 09:00:00+00:00,0.00015484747991791398,0.0006503888211478564,1425,True,33.0
161,2024-11-01 12:30:00+00:00,0.00016906910149561648,0.0007355856013708162,1425,True,33.0
162,2024-11-06 00:10:00+00:00,0.0001802039125541462,0.0006914930098290354,1425,True,33.0
163,2024-11-07 19:55:00+00:00,0.0002648246365883478,0.0007829528436671587,1425,True,33.0
164,2024-11-22 09:10:00+00:00,0.0002527925953558742,0.0020517635535906137,1425,True,33.0
165,2024-12-18 19:35:00+00:00,0.00022282151887873143,0.001483649568460765,1425,True,34.0
166,2025-01-06 14:15:00+00:00,0.0002490209482153535,0.0013284466605698562,1425,True,34.0
167,2025-01-10 13:30:00+00:00,0.00025482204934732476,0.001997589881789802,1425,True,34.0
168,2025-01-20 13:30:00+00:00,0.00026399774450783394,0.0020277885937434403,1425,True,34.0
169,2025-02-03 15:20:00+00:00,0.00030891600141432445,0.001414058779536136,1425,True,34.0
170,2025-02-07 16:25:00+00:00,0.00031523529362010243,0.001189610229842226,1425,True,34.0
171,2025-03-06 14:05:00+00:00,0.0003299842167968901,0.0009842493436592683,1425,False,
172,2025-04-02 21:25:00+00:00,0.00025084004789849084,0.0011891218221090094,1425,True,35.0
173,2025-04-03 11:10:00+00:00,0.0002966552147145973,0.0013207212533708653,1425,True,35.0
174,2025-04-09 19:00:00+00:00,0.0005745794967188203,0.0020683769813539077,1425,True,35.0
175,2025-05-12 08:20:00+00:00,0.00031150502104078994,0.0010373229848215293,1425,True,36.0
176,2025-05-23 12:50:00+00:00,0.0002786384324225798,0.0010362616087197982,1425,True,36.0
177,2025-05-29 00:40:00+00:00,0.0002652972720804559,0.0009178696485953839,1425,True,36.0
178,2025-06-11 13:30:00+00:00,0.0002337979355124811,0.0009620415144767054,1425,True,36.0
179,2025-06-13 01:15:00+00:00,0.0002455351033808214,0.00084864667433857,1425,True,36.0
180,2025-07-03 13:30:00+00:00,0.00024131850462768387,0.0013465537189380717,1425,True,36.0
181,2025-07-15 13:35:00+00:00,0.0001972439180564655,0.000750214626020731,1425,True,36.0
182,2025-07-16 16:00:00+00:00,0.00019697533040480348,0.0007573316385471618,1425,True,36.0
183,2025-07-24 15:20:00+00:00,0.000200263971852119,0.0006779798512173245,1425,True,36.0
184,2025-07-29 08:25:00+00:00,0.00022298845260665907,0.0007031021607184823,1425,True,36.0
185,2025-07-30 19:50:00+00:00,0.0002355590421238387,0.0007144335634513421,1425,True,36.0
186,2025-08-01 13:30:00+00:00,0.0002588321896870588,0.0025167282785755756,1425,True,36.0
187,2025-08-12 14:00:00+00:00,0.00021079518344569928,0.0008956586396608638,1425,True,36.0
188,2025-08-22 15:00:00+00:00,0.00018445216097637805,0.0013368838349786846,1425,True,36.0
189,2025-09-02 09:15:00+00:00,0.00018921428276311955,0.0006939050449895817,1425,True,36.0
190,2025-09-05 13:30:00+00:00,0.00019673228453940416,0.0007984537645053136,1425,True,36.0
191,2025-09-11 13:30:00+00:00,0.00019993350947555494,0.0008143608782882603,1425,True,36.0
192,2025-09-17 19:00:00+00:00,0.00018051047620332855,0.0008672461106638424,1425,True,36.0
193,2025-10-01 13:15:00+00:00,0.0001974609219086789,0.0008606268767309854,1425,True,36.0
194,2025-10-06 08:40:00+00:00,0.0002040261845852792,0.0010002260763766172,1425,True,36.0
195,2025-10-10 16:20:00+00:00,0.0002029695192334331,0.0007338989883842768,1425,True,36.0
196,2025-10-24 13:35:00+00:00,0.00015374319495493658,0.0006966013218975442,1425,True,36.0
197,2025-10-29 18:35:00+00:00,0.0001594158784810345,0.0012254683745223538,1425,True,36.0
198,2025-12-10 20:00:00+00:00,0.00015176573660061527,0.0006838916947604004,1425,False,
